id_idx,label
0,64
1,15
2,45
3,54
4,13
5,54
6,20
7,9
8,30
9,76
10,0
11,44
12,3
13,16
14,8
15,6
16,84
17,78
18,0
19,59
20,3
21,0
22,55
23,41
24,37
25,22
26,73
27,64
28,7
29,24
30,93
31,92
32,63
33,42
34,97
35,70
36,9
37,85
38,2
39,88
40,32
41,53
42,99
43,8
44,45
45,12
46,78
47,96
48,38
49,33
50,52
51,75
52,2
53,92
54,0
55,4
56,82
57,60
58,62
59,17
60,61
61,78
62,60
63,0
64,14
65,30
66,67
67,26
68,81
69,91
70,18
71,7
72,14
73,35
74,7
75,37
76,25
77,30
78,23
79,38
80,93
81,98
82,19
83,36
84,65
85,14
86,85
87,8
88,63
89,26
90,40
91,63
92,34
93,65
94,30
95,59
96,15
97,24
98,92
99,32
100,54
101,64
102,85
103,59
104,71
105,74
106,99
107,1
108,95
109,43
110,50
111,5
112,48
113,22
114,23
115,41
116,41
117,73
118,36
119,90
120,50
121,92
122,40
123,41
124,36
125,90
126,72
127,15
128,69
129,62
130,33
131,51
132,12
133,8
134,23
135,65
136,20
137,77
138,77
139,69
140,73
141,9
142,34
143,87
144,23
145,60
146,98
147,58
148,97
149,80
150,47
151,10
152,70
153,99
154,76
155,39
156,33
157,67
158,31
159,61
160,0
161,45
162,8
163,52
164,38
165,20
166,42
167,23
168,23
169,8
170,26
171,30
172,9
173,95
174,78
175,1
176,92
177,62
178,31
179,31
180,33
181,16
182,99
183,74
184,34
185,84
186,86
187,56
188,57
189,62
190,91
191,51
192,18
193,78
194,70
195,10
196,22
197,83
198,2
199,30
200,89
201,54
202,5
203,54
204,66
205,18
206,45
207,10
208,72
209,81
210,52
211,67
212,96
213,97
214,88
215,69
216,41
217,37
218,15
219,38
220,66
221,6
222,23
223,59
224,62
225,67
226,2
227,94
228,2
229,55
230,78
231,46
232,36
233,56
234,67
235,46
236,82
237,1
238,63
239,73
240,62
241,32
242,82
243,64
244,29
245,67
246,90
247,65
248,7
249,90
250,6
251,67
252,51
253,63
254,33
255,26
256,11
257,59
258,18
259,61
260,70
261,39
262,81
263,97
264,89
265,46
266,42
267,1
268,62
269,80
270,79
271,89
272,85
273,87
274,49
275,18
276,7
277,67
278,89
279,49
280,26
281,22
282,36
283,39
284,10
285,43
286,66
287,57
288,0
289,40
290,9
291,19
292,33
293,42
294,89
295,59
296,54
297,16
298,29
299,80
300,59
301,92
302,89
303,0
304,45
305,39
306,31
307,26
308,68
309,30
310,42
311,37
312,13
313,24
314,62
315,60
316,13
317,52
318,28
319,88
320,45
321,49
322,18
323,96
324,3
325,31
326,93
327,62
328,27
329,57
330,69
331,76
332,51
333,58
334,94
335,17
336,69
337,35
338,96
339,17
340,51
341,3
342,40
343,21
344,32
345,26
346,25
347,16
348,64
349,42
350,39
351,20
352,42
353,41
354,88
355,88
356,91
357,21
358,21
359,19
360,3
361,57
362,51
363,69
364,24
365,25
366,24
367,91
368,60
369,80
370,59
371,16
372,11
373,58
374,32
375,82
376,47
377,74
378,39
379,80
380,23
381,83
382,24
383,26
384,7
385,52
386,19
387,72
388,48
389,72
390,41
391,49
392,6
393,92
394,28
395,27
396,74
397,0
398,9
399,12
400,86
401,18
402,49
403,75
404,44
405,0
406,95
407,94
408,98
409,61
410,48
411,14
412,16
413,3
414,93
415,83
416,58
417,92
418,59
419,50
420,15
421,64
422,52
423,72
424,61
425,10
426,26
427,91
428,40
429,37
430,93
431,41
432,28
433,84
434,47
435,47
436,25
437,65
438,15
439,63
440,77
441,81
442,36
443,34
444,48
445,94
446,43
447,76
448,0
449,78
450,87
451,14
452,15
453,1
454,78
455,79
456,66
457,36
458,29
459,56
460,97
461,6
462,4
463,10
464,0
465,42
466,94
467,12
468,87
469,64
470,29
471,41
472,98
473,86
474,63
475,62
476,37
477,10
478,27
479,48
480,39
481,50
482,39
483,53
484,93
485,83
486,61
487,19
488,91
489,87
490,98
491,22
492,15
493,5
494,5
495,78
496,97
497,99
498,64
499,42
500,47
501,49
502,15
503,57
504,69
505,88
506,76
507,77
508,92
509,55
510,35
511,27
512,41
513,40
514,70
515,88
516,64
517,2
518,75
519,12
520,26
521,56
522,48
523,84
524,41
525,14
526,38
527,53
528,89
529,50
530,79
531,62
532,74
533,84
534,78
535,7
536,4
537,29
538,92
539,91
540,50
541,63
542,54
543,85
544,32
545,62
546,12
547,92
548,94
549,13
550,9
551,84
552,87
553,32
554,53
555,11
556,32
557,82
558,98
559,48
560,80
561,60
562,33
563,49
564,71
565,5
566,63
567,41
568,8
569,36
570,7
571,50
572,46
573,79
574,24
575,14
576,91
577,94
578,88
579,85
580,8
581,30
582,58
583,11
584,41
585,37
586,46
587,16
588,40
589,71
590,1
591,95
592,18
593,44
594,26
595,25
596,22
597,6
598,95
599,90
600,33
601,95
602,57
603,33
604,75
605,53
606,23
607,26
608,41
609,11
610,26
611,18
612,27
613,93
614,44
615,97
616,22
617,55
618,27
619,13
620,2
621,6
622,29
623,63
624,97
625,83
626,34
627,9
628,74
629,81
630,58
631,0
632,94
633,86
634,98
635,10
636,74
637,65
638,52
639,67
640,34
641,39
642,68
643,74
644,59
645,44
646,80
647,20
648,87
649,71
650,85
651,69
652,86
653,53
654,0
655,97
656,12
657,86
658,83
659,37
660,86
661,67
662,53
663,86
664,14
665,85
666,64
667,39
668,0
669,29
670,17
671,35
672,86
673,76
674,89
675,35
676,23
677,39
678,40
679,22
680,92
681,15
682,20
683,17
684,80
685,96
686,5
687,87
688,12
689,71
690,27
691,49
692,63
693,86
694,37
695,75
696,0
697,35
698,75
699,2
700,68
701,13
702,13
703,85
704,60
705,28
706,9
707,80
708,27
709,92
710,44
711,99
712,25
713,32
714,65
715,58
716,84
717,41
718,66
719,51
720,11
721,80
722,46
723,70
724,29
725,37
726,8
727,67
728,80
729,41
730,33
731,74
732,82
733,24
734,71
735,61
736,54
737,11
738,74
739,87
740,48
741,92
742,62
743,95
744,85
745,59
746,32
747,6
748,49
749,61
750,84
751,52
752,41
753,16
754,8
755,41
756,78
757,89
758,4
759,39
760,3
761,4
762,97
763,60
764,19
765,94
766,35
767,81
768,32
769,93
770,25
771,31
772,21
773,66
774,73
775,46
776,75
777,28
778,74
779,5
780,22
781,97
782,31
783,68
784,98
785,29
786,26
787,79
788,45
789,25
790,9
791,28
792,58
793,78
794,60
795,28
796,58
797,59
798,13
799,46
800,46
801,21
802,79
803,37
804,0
805,80
806,60
807,34
808,92
809,99
810,50
811,84
812,85
813,22
814,84
815,30
816,55
817,68
818,9
819,17
820,2
821,71
822,47
823,83
824,16
825,1
826,86
827,17
828,63
829,80
830,46
831,29
832,49
833,97
834,15
835,70
836,39
837,29
838,55
839,22
840,82
841,0
842,59
843,9
844,99
845,91
846,53
847,13
848,49
849,17
850,6
851,93
852,2
853,1
854,29
855,52
856,83
857,22
858,50
859,54
860,42
861,25
862,59
863,7
864,91
865,71
866,85
867,17
868,9
869,12
870,17
871,43
872,80
873,5
874,8
875,43
876,55
877,5
878,38
879,77
880,65
881,15
882,9
883,80
884,81
885,83
886,68
887,76
888,59
889,2
890,67
891,7
892,80
893,88
894,53
895,77
896,8
897,74
898,58
899,88
900,67
901,61
902,75
903,18
904,5
905,54
906,79
907,81
908,20
909,11
910,14
911,63
912,34
913,33
914,67
915,75
916,82
917,7
918,60
919,76
920,44
921,76
922,41
923,72
924,70
925,58
926,65
927,97
928,59
929,70
930,29
931,91
932,51
933,13
934,9
935,12
936,63
937,91
938,51
939,71
940,99
941,98
942,13
943,45
944,3
945,9
946,20
947,30
948,38
949,9
950,78
951,63
952,62
953,9
954,17
955,46
956,2
957,42
958,21
959,87
960,90
961,57
962,9
963,11
964,30
965,63
966,15
967,82
968,33
969,50
970,4
971,75
972,51
973,56
974,80
975,90
976,11
977,78
978,27
979,1
980,10
981,84
982,46
983,99
984,31
985,55
986,65
987,48
988,49
989,6
990,61
991,83
992,91
993,50
994,19
995,69
996,22
997,30
998,96
999,9
1000,62
1001,3
1002,82
1003,38
1004,84
1005,95
1006,61
1007,44
1008,41
1009,83
1010,54
1011,50
1012,27
1013,25
1014,53
1015,40
1016,16
1017,3
1018,75
1019,35
1020,11
1021,46
1022,7
1023,70
1024,68
1025,71
1026,89
1027,8
1028,11
1029,98
1030,36
1031,71
1032,53
1033,65
1034,9
1035,7
1036,1
1037,10
1038,25
1039,58
1040,18
1041,34
1042,34
1043,86
1044,44
1045,38
1046,88
1047,73
1048,20
1049,88
1050,2
1051,55
1052,64
1053,2
1054,60
1055,5
1056,69
1057,68
1058,34
1059,93
1060,43
1061,12
1062,84
1063,32
1064,26
1065,96
1066,79
1067,55
1068,88
1069,20
1070,57
1071,9
1072,38
1073,8
1074,40
1075,62
1076,60
1077,14
1078,67
1079,11
1080,74
1081,0
1082,82
1083,41
1084,46
1085,51
1086,54
1087,71
1088,79
1089,3
1090,94
1091,0
1092,69
1093,34
1094,89
1095,38
1096,98
1097,77
1098,93
1099,54
1100,7
1101,48
1102,8
1103,46
1104,84
1105,50
1106,82
1107,12
1108,10
1109,44
1110,56
1111,21
1112,0
1113,16
1114,11
1115,70
1116,34
1117,3
1118,72
1119,97
1120,89
1121,87
1122,40
1123,93
1124,33
1125,48
1126,46
1127,23
1128,35
1129,56
1130,86
1131,34
1132,39
1133,54
1134,16
1135,93
1136,40
1137,91
1138,92
1139,45
1140,98
1141,23
1142,50
1143,96
1144,88
1145,77
1146,84
1147,99
1148,24
1149,96
1150,40
1151,45
1152,65
1153,95
1154,55
1155,80
1156,74
1157,94
1158,65
1159,48
1160,46
1161,86
1162,99
1163,30
1164,91
1165,63
1166,49
1167,31
1168,30
1169,20
1170,53
1171,67
1172,66
1173,58
1174,81
1175,47
1176,30
1177,36
1178,72
1179,83
1180,8
1181,9
1182,92
1183,96
1184,49
1185,9
1186,56
1187,48
1188,65
1189,11
1190,78
1191,23
1192,56
1193,68
1194,69
1195,75
1196,26
1197,58
1198,18
1199,57
1200,93
1201,57
1202,60
1203,4
1204,46
1205,9
1206,21
1207,33
1208,40
1209,83
1210,88
1211,59
1212,22
1213,24
1214,20
1215,88
1216,0
1217,36
1218,69
1219,30
1220,22
1221,68
1222,82
1223,62
1224,69
1225,77
1226,11
1227,70
1228,55
1229,60
1230,20
1231,25
1232,6
1233,3
1234,68
1235,70
1236,42
1237,20
1238,57
1239,62
1240,20
1241,83
1242,10
1243,26
1244,94
1245,17
1246,14
1247,18
1248,65
1249,99
1250,63
1251,88
1252,41
1253,64
1254,6
1255,39
1256,32
1257,96
1258,3
1259,27
1260,44
1261,61
1262,79
1263,10
1264,68
1265,50
1266,9
1267,16
1268,78
1269,31
1270,39
1271,91
1272,29
1273,21
1274,25
1275,27
1276,99
1277,74
1278,22
1279,92
1280,6
1281,10
1282,66
1283,76
1284,57
1285,67
1286,84
1287,66
1288,72
1289,15
1290,43
1291,50
1292,61
1293,90
1294,65
1295,85
1296,53
1297,93
1298,5
1299,70
1300,51
1301,48
1302,37
1303,73
1304,53
1305,84
1306,50
1307,20
1308,81
1309,35
1310,68
1311,28
1312,69
1313,56
1314,75
1315,50
1316,69
1317,63
1318,81
1319,77
1320,20
1321,93
1322,6
1323,91
1324,40
1325,50
1326,49
1327,57
1328,50
1329,43
1330,32
1331,23
1332,20
1333,23
1334,31
1335,55
1336,51
1337,43
1338,45
1339,97
1340,95
1341,52
1342,88
1343,0
1344,86
1345,65
1346,75
1347,71
1348,18
1349,95
1350,65
1351,81
1352,8
1353,33
1354,23
1355,70
1356,31
1357,77
1358,34
1359,29
1360,33
1361,63
1362,38
1363,15
1364,76
1365,43
1366,2
1367,93
1368,2
1369,62
1370,97
1371,38
1372,41
1373,26
1374,13
1375,16
1376,4
1377,55
1378,42
1379,72
1380,60
1381,81
1382,59
1383,29
1384,83
1385,86
1386,50
1387,0
1388,85
1389,46
1390,96
1391,78
1392,61
1393,67
1394,19
1395,99
1396,23
1397,22
1398,78
1399,41
1400,84
1401,16
1402,25
1403,91
1404,18
1405,23
1406,70
1407,97
1408,38
1409,97
1410,8
1411,61
1412,88
1413,8
1414,1
1415,38
1416,17
1417,54
1418,35
1419,44
1420,2
1421,72
1422,26
1423,87
1424,12
1425,83
1426,6
1427,16
1428,71
1429,16
1430,73
1431,95
1432,39
1433,20
1434,52
1435,16
1436,84
1437,50
1438,11
1439,81
1440,16
1441,41
1442,35
1443,10
1444,90
1445,81
1446,26
1447,47
1448,88
1449,82
1450,47
1451,67
1452,62
1453,59
1454,72
1455,29
1456,5
1457,97
1458,32
1459,53
1460,39
1461,80
1462,63
1463,97
1464,76
1465,2
1466,45
1467,82
1468,52
1469,93
1470,87
1471,1
1472,60
1473,52
1474,4
1475,10
1476,93
1477,48
1478,59
1479,52
1480,35
1481,12
1482,77
1483,2
1484,93
1485,45
1486,35
1487,48
1488,84
1489,1
1490,12
1491,1
1492,22
1493,13
1494,29
1495,62
1496,67
1497,31
1498,33
1499,80
1500,47
1501,74
1502,3
1503,1
1504,80
1505,9
1506,29
1507,57
1508,69
1509,70
1510,29
1511,27
1512,25
1513,53
1514,28
1515,88
1516,94
1517,59
1518,54
1519,81
1520,48
1521,46
1522,37
1523,22
1524,29
1525,12
1526,47
1527,74
1528,20
1529,7
1530,24
1531,18
1532,4
1533,71
1534,4
1535,71
1536,42
1537,80
1538,90
1539,62
1540,6
1541,5
1542,47
1543,78
1544,74
1545,76
1546,60
1547,44
1548,92
1549,16
1550,50
1551,82
1552,77
1553,90
1554,39
1555,70
1556,22
1557,62
1558,86
1559,83
1560,57
1561,12
1562,99
1563,32
1564,25
1565,13
1566,18
1567,63
1568,14
1569,85
1570,27
1571,92
1572,92
1573,93
1574,50
1575,69
1576,72
1577,47
1578,1
1579,82
1580,1
1581,63
1582,48
1583,43
1584,26
1585,10
1586,93
1587,64
1588,52
1589,2
1590,40
1591,66
1592,30
1593,42
1594,58
1595,92
1596,90
1597,16
1598,69
1599,68
1600,48
1601,13
1602,0
1603,33
1604,5
1605,85
1606,47
1607,71
1608,32
1609,51
1610,74
1611,65
1612,89
1613,48
1614,9
1615,99
1616,64
1617,36
1618,83
1619,78
1620,16
1621,90
1622,99
1623,18
1624,19
1625,38
1626,93
1627,25
1628,9
1629,58
1630,46
1631,94
1632,1
1633,51
1634,34
1635,5
1636,5
1637,69
1638,46
1639,29
1640,56
1641,91
1642,71
1643,2
1644,55
1645,48
1646,40
1647,66
1648,44
1649,32
1650,86
1651,55
1652,96
1653,44
1654,86
1655,5
1656,43
1657,26
1658,15
1659,52
1660,33
1661,10
1662,74
1663,8
1664,46
1665,87
1666,66
1667,61
1668,35
1669,8
1670,51
1671,91
1672,21
1673,33
1674,47
1675,42
1676,20
1677,49
1678,87
1679,93
1680,34
1681,34
1682,8
1683,42
1684,2
1685,43
1686,59
1687,97
1688,18
1689,46
1690,5
1691,3
1692,44
1693,97
1694,55
1695,15
1696,83
1697,53
1698,12
1699,20
1700,43
1701,45
1702,59
1703,50
1704,94
1705,59
1706,36
1707,79
1708,43
1709,26
1710,95
1711,44
1712,90
1713,82
1714,37
1715,88
1716,12
1717,99
1718,88
1719,3
1720,97
1721,99
1722,81
1723,30
1724,99
1725,78
1726,0
1727,53
1728,1
1729,70
1730,20
1731,39
1732,84
1733,40
1734,69
1735,18
1736,89
1737,95
1738,70
1739,11
1740,65
1741,0
1742,62
1743,88
1744,64
1745,49
1746,58
1747,58
1748,48
1749,57
1750,20
1751,34
1752,30
1753,66
1754,54
1755,49
1756,64
1757,71
1758,8
1759,61
1760,18
1761,92
1762,75
1763,69
1764,80
1765,43
1766,10
1767,68
1768,37
1769,43
1770,58
1771,93
1772,76
1773,99
1774,24
1775,50
1776,7
1777,14
1778,52
1779,89
1780,92
1781,35
1782,84
1783,50
1784,68
1785,41
1786,65
1787,37
1788,2
1789,37
1790,13
1791,26
1792,42
1793,30
1794,52
1795,81
1796,66
1797,92
1798,76
1799,51
1800,67
1801,5
1802,96
1803,61
1804,13
1805,48
1806,84
1807,36
1808,82
1809,28
1810,51
1811,73
1812,78
1813,73
1814,22
1815,28
1816,38
1817,48
1818,49
1819,43
1820,70
1821,9
1822,19
1823,18
1824,66
1825,72
1826,89
1827,16
1828,20
1829,97
1830,20
1831,8
1832,86
1833,38
1834,48
1835,31
1836,40
1837,11
1838,65
1839,57
1840,49
1841,70
1842,15
1843,50
1844,4
1845,54
1846,34
1847,2
1848,20
1849,15
1850,21
1851,10
1852,72
1853,47
1854,44
1855,60
1856,4
1857,37
1858,13
1859,13
1860,55
1861,4
1862,77
1863,38
1864,45
1865,89
1866,50
1867,91
1868,59
1869,1
1870,68
1871,57
1872,72
1873,64
1874,45
1875,99
1876,93
1877,54
1878,8
1879,30
1880,15
1881,83
1882,78
1883,23
1884,58
1885,50
1886,20
1887,19
1888,79
1889,50
1890,64
1891,75
1892,1
1893,94
1894,49
1895,71
1896,65
1897,17
1898,28
1899,61
1900,58
1901,27
1902,43
1903,93
1904,12
1905,78
1906,11
1907,5
1908,1
1909,44
1910,78
1911,27
1912,97
1913,77
1914,53
1915,23
1916,36
1917,81
1918,6
1919,19
1920,86
1921,75
1922,44
1923,71
1924,23
1925,44
1926,13
1927,81
1928,86
1929,62
1930,73
1931,56
1932,71
1933,81
1934,43
1935,29
1936,96
1937,19
1938,88
1939,30
1940,8
1941,98
1942,55
1943,72
1944,89
1945,68
1946,60
1947,9
1948,49
1949,51
1950,65
1951,84
1952,11
1953,92
1954,46
1955,18
1956,33
1957,54
1958,16
1959,92
1960,77
1961,19
1962,82
1963,7
1964,61
1965,67
1966,35
1967,96
1968,13
1969,52
1970,48
1971,50
1972,20
1973,70
1974,48
1975,47
1976,18
1977,71
1978,25
1979,38
1980,72
1981,88
1982,98
1983,31
1984,94
1985,44
1986,98
1987,86
1988,3
1989,33
1990,66
1991,74
1992,19
1993,55
1994,27
1995,48
1996,79
1997,27
1998,90
1999,87
2000,68
2001,12
2002,45
2003,23
2004,35
2005,44
2006,94
2007,25
2008,5
2009,26
2010,69
2011,79
2012,93
2013,33
2014,4
2015,47
2016,70
2017,81
2018,34
2019,56
2020,33
2021,16
2022,24
2023,39
2024,47
2025,46
2026,4
2027,55
2028,51
2029,30
2030,34
2031,83
2032,95
2033,95
2034,51
2035,83
2036,62
2037,22
2038,71
2039,23
2040,87
2041,85
2042,54
2043,75
2044,23
2045,49
2046,84
2047,44
2048,33
2049,61
2050,11
2051,43
2052,60
2053,24
2054,90
2055,84
2056,80
2057,59
2058,35
2059,77
2060,80
2061,35
2062,1
2063,56
2064,85
2065,53
2066,18
2067,87
2068,2
2069,91
2070,54
2071,47
2072,5
2073,26
2074,99
2075,18
2076,65
2077,27
2078,5
2079,49
2080,94
2081,59
2082,54
2083,52
2084,92
2085,27
2086,68
2087,18
2088,72
2089,9
2090,62
2091,85
2092,16
2093,97
2094,5
2095,59
2096,29
2097,47
2098,21
2099,52
2100,53
2101,21
2102,59
2103,91
2104,84
2105,64
2106,60
2107,82
2108,79
2109,99
2110,68
2111,29
2112,58
2113,89
2114,65
2115,36
2116,88
2117,81
2118,6
2119,86
2120,28
2121,39
2122,44
2123,49
2124,21
2125,54
2126,16
2127,75
2128,8
2129,68
2130,34
2131,18
2132,7
2133,84
2134,37
2135,94
2136,21
2137,32
2138,25
2139,65
2140,54
2141,5
2142,29
2143,85
2144,89
2145,68
2146,17
2147,58
2148,18
2149,86
2150,34
2151,4
2152,70
2153,82
2154,86
2155,98
2156,71
2157,30
2158,55
2159,24
2160,55
2161,27
2162,33
2163,19
2164,59
2165,23
2166,35
2167,43
2168,56
2169,85
2170,73
2171,58
2172,1
2173,15
2174,44
2175,92
2176,83
2177,30
2178,37
2179,63
2180,85
2181,34
2182,87
2183,39
2184,23
2185,7
2186,4
2187,90
2188,34
2189,32
2190,22
2191,52
2192,23
2193,57
2194,86
2195,56
2196,45
2197,85
2198,41
2199,98
2200,67
2201,41
2202,79
2203,87
2204,45
2205,18
2206,31
2207,37
2208,72
2209,25
2210,94
2211,42
2212,27
2213,10
2214,55
2215,20
2216,19
2217,21
2218,53
2219,82
2220,39
2221,86
2222,69
2223,49
2224,58
2225,78
2226,27
2227,31
2228,60
2229,56
2230,83
2231,78
2232,44
2233,0
2234,35
2235,79
2236,91
2237,74
2238,80
2239,54
2240,55
2241,68
2242,61
2243,82
2244,26
2245,41
2246,40
2247,17
2248,12
2249,78
2250,43
2251,20
2252,26
2253,66
2254,6
2255,46
2256,81
2257,7
2258,46
2259,15
2260,28
2261,53
2262,60
2263,53
2264,19
2265,77
2266,32
2267,52
2268,40
2269,26
2270,71
2271,92
2272,32
2273,24
2274,89
2275,55
2276,7
2277,98
2278,28
2279,84
2280,26
2281,0
2282,59
2283,92
2284,79
2285,98
2286,23
2287,99
2288,96
2289,23
2290,18
2291,4
2292,21
2293,78
2294,90
2295,99
2296,8
2297,45
2298,20
2299,84
2300,68
2301,32
2302,39
2303,69
2304,10
2305,96
2306,51
2307,51
2308,77
2309,47
2310,37
2311,75
2312,11
2313,25
2314,94
2315,34
2316,93
2317,19
2318,73
2319,93
2320,15
2321,28
2322,31
2323,65
2324,97
2325,43
2326,30
2327,28
2328,94
2329,91
2330,17
2331,29
2332,35
2333,77
2334,94
2335,99
2336,50
2337,67
2338,36
2339,90
2340,21
2341,5
2342,78
2343,91
2344,14
2345,27
2346,54
2347,26
2348,20
2349,16
2350,65
2351,39
2352,96
2353,96
2354,67
2355,76
2356,51
2357,84
2358,59
2359,90
2360,42
2361,14
2362,90
2363,36
2364,79
2365,84
2366,80
2367,98
2368,94
2369,89
2370,41
2371,92
2372,19
2373,97
2374,7
2375,8
2376,62
2377,44
2378,81
2379,31
2380,96
2381,16
2382,5
2383,73
2384,19
2385,69
2386,85
2387,94
2388,50
2389,65
2390,47
2391,32
2392,80
2393,74
2394,70
2395,58
2396,45
2397,76
2398,17
2399,63
2400,57
2401,86
2402,98
2403,66
2404,58
2405,15
2406,59
2407,73
2408,94
2409,34
2410,11
2411,64
2412,17
2413,27
2414,40
2415,82
2416,75
2417,61
2418,38
2419,99
2420,0
2421,11
2422,28
2423,1
2424,93
2425,69
2426,38
2427,77
2428,53
2429,56
2430,56
2431,56
2432,40
2433,41
2434,96
2435,87
2436,33
2437,38
2438,88
2439,10
2440,25
2441,38
2442,86
2443,49
2444,72
2445,20
2446,66
2447,90
2448,42
2449,23
2450,29
2451,95
2452,85
2453,19
2454,43
2455,26
2456,79
2457,87
2458,75
2459,21
2460,33
2461,79
2462,97
2463,98
2464,3
2465,33
2466,82
2467,92
2468,58
2469,82
2470,65
2471,64
2472,63
2473,78
2474,3
2475,26
2476,19
2477,61
2478,49
2479,61
2480,73
2481,49
2482,52
2483,50
2484,91
2485,92
2486,87
2487,18
2488,39
2489,20
2490,89
2491,79
2492,98
2493,99
2494,94
2495,68
2496,92
2497,65
2498,87
2499,52
2500,92
2501,59
2502,80
2503,59
2504,24
2505,57
2506,75
2507,60
2508,52
2509,0
2510,70
2511,30
2512,4
2513,84
2514,57
2515,85
2516,83
2517,70
2518,95
2519,85
2520,92
2521,48
2522,59
2523,51
2524,20
2525,55
2526,52
2527,80
2528,11
2529,8
2530,31
2531,93
2532,12
2533,9
2534,64
2535,53
2536,22
2537,88
2538,96
2539,82
2540,15
2541,19
2542,8
2543,19
2544,82
2545,21
2546,40
2547,71
2548,19
2549,72
2550,14
2551,85
2552,94
2553,31
2554,88
2555,79
2556,92
2557,40
2558,96
2559,58
2560,22
2561,11
2562,27
2563,1
2564,10
2565,73
2566,10
2567,25
2568,26
2569,27
2570,68
2571,89
2572,7
2573,27
2574,28
2575,99
2576,31
2577,1
2578,41
2579,91
2580,15
2581,42
2582,26
2583,63
2584,72
2585,70
2586,29
2587,8
2588,94
2589,27
2590,8
2591,45
2592,59
2593,84
2594,51
2595,25
2596,19
2597,3
2598,10
2599,32
2600,39
2601,74
2602,3
2603,44
2604,5
2605,84
2606,93
2607,82
2608,77
2609,41
2610,18
2611,47
2612,60
2613,14
2614,8
2615,45
2616,67
2617,8
2618,1
2619,79
2620,77
2621,52
2622,53
2623,9
2624,18
2625,40
2626,89
2627,52
2628,10
2629,0
2630,15
2631,11
2632,76
2633,28
2634,12
2635,52
2636,63
2637,26
2638,56
2639,1
2640,50
2641,20
2642,66
2643,45
2644,88
2645,9
2646,28
2647,51
2648,56
2649,57
2650,92
2651,62
2652,4
2653,60
2654,2
2655,23
2656,79
2657,45
2658,57
2659,8
2660,89
2661,53
2662,44
2663,69
2664,17
2665,37
2666,89
2667,45
2668,58
2669,15
2670,58
2671,15
2672,24
2673,21
2674,90
2675,1
2676,83
2677,87
2678,24
2679,93
2680,17
2681,41
2682,51
2683,63
2684,66
2685,46
2686,18
2687,17
2688,48
2689,69
2690,40
2691,25
2692,51
2693,45
2694,75
2695,50
2696,29
2697,23
2698,41
2699,75
2700,79
2701,42
2702,33
2703,34
2704,42
2705,17
2706,99
2707,43
2708,16
2709,86
2710,73
2711,33
2712,33
2713,75
2714,75
2715,37
2716,6
2717,97
2718,88
2719,27
2720,62
2721,20
2722,85
2723,67
2724,71
2725,96
2726,31
2727,85
2728,6
2729,58
2730,12
2731,14
2732,52
2733,89
2734,12
2735,3
2736,23
2737,65
2738,14
2739,82
2740,51
2741,79
2742,56
2743,16
2744,51
2745,81
2746,56
2747,9
2748,86
2749,21
2750,29
2751,63
2752,13
2753,38
2754,61
2755,76
2756,0
2757,63
2758,87
2759,22
2760,34
2761,17
2762,16
2763,16
2764,51
2765,20
2766,51
2767,71
2768,30
2769,72
2770,10
2771,95
2772,81
2773,16
2774,78
2775,33
2776,39
2777,80
2778,0
2779,40
2780,14
2781,19
2782,7
2783,43
2784,73
2785,31
2786,3
2787,60
2788,5
2789,44
2790,70
2791,97
2792,55
2793,10
2794,69
2795,96
2796,42
2797,44
2798,31
2799,61
2800,93
2801,99
2802,33
2803,53
2804,22
2805,62
2806,35
2807,1
2808,53
2809,37
2810,18
2811,80
2812,53
2813,91
2814,22
2815,60
2816,70
2817,92
2818,26
2819,32
2820,7
2821,37
2822,92
2823,68
2824,35
2825,70
2826,7
2827,7
2828,96
2829,39
2830,27
2831,60
2832,94
2833,14
2834,43
2835,24
2836,17
2837,66
2838,45
2839,13
2840,63
2841,82
2842,63
2843,29
2844,98
2845,66
2846,14
2847,29
2848,5
2849,98
2850,19
2851,0
2852,17
2853,67
2854,39
2855,36
2856,30
2857,44
2858,59
2859,81
2860,8
2861,79
2862,84
2863,98
2864,21
2865,70
2866,77
2867,86
2868,57
2869,90
2870,29
2871,95
2872,1
2873,13
2874,2
2875,94
2876,10
2877,53
2878,56
2879,74
2880,78
2881,34
2882,46
2883,83
2884,42
2885,22
2886,71
2887,83
2888,91
2889,2
2890,81
2891,50
2892,74
2893,40
2894,88
2895,30
2896,68
2897,39
2898,75
2899,45
2900,11
2901,2
2902,84
2903,70
2904,83
2905,38
2906,86
2907,98
2908,16
2909,2
2910,42
2911,44
2912,84
2913,90
2914,75
2915,88
2916,0
2917,66
2918,15
2919,44
2920,30
2921,99
2922,45
2923,59
2924,16
2925,33
2926,10
2927,40
2928,78
2929,10
2930,98
2931,25
2932,28
2933,75
2934,42
2935,78
2936,68
2937,71
2938,48
2939,33
2940,36
2941,99
2942,8
2943,82
2944,74
2945,60
2946,18
2947,28
2948,1
2949,53
2950,47
2951,3
2952,71
2953,37
2954,26
2955,68
2956,85
2957,18
2958,27
2959,6
2960,3
2961,95
2962,79
2963,13
2964,92
2965,0
2966,35
2967,59
2968,49
2969,7
2970,19
2971,47
2972,28
2973,90
2974,7
2975,27
2976,43
2977,37
2978,81
2979,27
2980,40
2981,86
2982,68
2983,21
2984,85
2985,32
2986,47
2987,42
2988,89
2989,37
2990,61
2991,72
2992,13
2993,11
2994,60
2995,99
2996,24
2997,83
2998,79
2999,34
3000,87
3001,46
3002,39
3003,23
3004,25
3005,36
3006,50
3007,52
3008,45
3009,20
3010,57
3011,42
3012,40
3013,75
3014,5
3015,18
3016,56
3017,25
3018,17
3019,34
3020,0
3021,60
3022,64
3023,24
3024,50
3025,14
3026,84
3027,36
3028,90
3029,40
3030,4
3031,73
3032,37
3033,41
3034,32
3035,67
3036,95
3037,92
3038,84
3039,10
3040,58
3041,84
3042,14
3043,21
3044,67
3045,29
3046,54
3047,96
3048,88
3049,56
3050,8
3051,27
3052,98
3053,18
3054,16
3055,32
3056,38
3057,47
3058,59
3059,29
3060,40
3061,12
3062,11
3063,24
3064,49
3065,21
3066,23
3067,96
3068,59
3069,10
3070,82
3071,62
3072,99
3073,77
3074,94
3075,0
3076,91
3077,19
3078,58
3079,58
3080,55
3081,87
3082,96
3083,8
3084,42
3085,35
3086,16
3087,67
3088,76
3089,37
3090,38
3091,13
3092,50
3093,46
3094,10
3095,34
3096,18
3097,40
3098,37
3099,99
3100,37
3101,56
3102,22
3103,49
3104,38
3105,93
3106,45
3107,16
3108,22
3109,73
3110,79
3111,4
3112,92
3113,78
3114,51
3115,24
3116,3
3117,40
3118,81
3119,45
3120,93
3121,38
3122,12
3123,91
3124,10
3125,80
3126,58
3127,57
3128,65
3129,56
3130,35
3131,50
3132,66
3133,84
3134,72
3135,71
3136,73
3137,9
3138,93
3139,52
3140,54
3141,33
3142,6
3143,8
3144,64
3145,93
3146,17
3147,12
3148,43
3149,78
3150,39
3151,37
3152,14
3153,32
3154,55
3155,58
3156,37
3157,35
3158,79
3159,60
3160,23
3161,3
3162,1
3163,66
3164,30
3165,16
3166,60
3167,39
3168,65
3169,53
3170,50
3171,68
3172,5
3173,8
3174,9
3175,82
3176,61
3177,4
3178,24
3179,90
3180,53
3181,78
3182,70
3183,25
3184,40
3185,67
3186,7
3187,69
3188,54
3189,59
3190,75
3191,33
3192,16
3193,13
3194,78
3195,93
3196,89
3197,91
3198,95
3199,47
3200,75
3201,63
3202,90
3203,75
3204,48
3205,39
3206,68
3207,75
3208,45
3209,89
3210,72
3211,44
3212,5
3213,79
3214,25
3215,78
3216,89
3217,23
3218,32
3219,38
3220,67
3221,21
3222,42
3223,36
3224,56
3225,79
3226,3
3227,11
3228,73
3229,43
3230,24
3231,83
3232,73
3233,20
3234,98
3235,77
3236,61
3237,66
3238,1
3239,81
3240,84
3241,98
3242,19
3243,21
3244,77
3245,80
3246,63
3247,48
3248,98
3249,63
3250,4
3251,16
3252,6
3253,25
3254,73
3255,52
3256,61
3257,88
3258,52
3259,28
3260,96
3261,95
3262,27
3263,87
3264,70
3265,67
3266,35
3267,59
3268,17
3269,42
3270,98
3271,30
3272,26
3273,75
3274,70
3275,57
3276,31
3277,44
3278,99
3279,33
3280,88
3281,61
3282,30
3283,91
3284,99
3285,51
3286,55
3287,79
3288,89
3289,62
3290,11
3291,6
3292,6
3293,55
3294,4
3295,27
3296,31
3297,46
3298,9
3299,6
3300,57
3301,64
3302,9
3303,66
3304,41
3305,89
3306,21
3307,43
3308,44
3309,38
3310,53
3311,65
3312,39
3313,31
3314,14
3315,51
3316,89
3317,41
3318,85
3319,20
3320,48
3321,17
3322,83
3323,44
3324,83
3325,42
3326,21
3327,64
3328,0
3329,50
3330,1
3331,29
3332,67
3333,22
3334,63
3335,29
3336,32
3337,34
3338,75
3339,66
3340,53
3341,46
3342,49
3343,84
3344,11
3345,74
3346,59
3347,71
3348,37
3349,50
3350,15
3351,96
3352,31
3353,23
3354,85
3355,34
3356,31
3357,31
3358,55
3359,89
3360,12
3361,63
3362,70
3363,54
3364,37
3365,87
3366,6
3367,74
3368,18
3369,14
3370,86
3371,31
3372,97
3373,18
3374,72
3375,63
3376,74
3377,71
3378,77
3379,66
3380,44
3381,60
3382,31
3383,72
3384,10
3385,30
3386,85
3387,83
3388,98
3389,54
3390,4
3391,45
3392,19
3393,82
3394,51
3395,89
3396,25
3397,22
3398,94
3399,72
3400,69
3401,35
3402,34
3403,87
3404,64
3405,45
3406,11
3407,25
3408,9
3409,10
3410,22
3411,93
3412,85
3413,55
3414,83
3415,72
3416,44
3417,44
3418,91
3419,77
3420,64
3421,18
3422,6
3423,85
3424,25
3425,82
3426,58
3427,70
3428,82
3429,81
3430,54
3431,47
3432,33
3433,65
3434,34
3435,84
3436,40
3437,67
3438,81
3439,70
3440,32
3441,44
3442,71
3443,47
3444,77
3445,85
3446,47
3447,5
3448,5
3449,80
3450,63
3451,53
3452,7
3453,20
3454,9
3455,74
3456,53
3457,32
3458,52
3459,2
3460,19
3461,98
3462,44
3463,44
3464,83
3465,73
3466,29
3467,81
3468,53
3469,90
3470,34
3471,47
3472,91
3473,21
3474,23
3475,26
3476,73
3477,23
3478,16
3479,55
3480,82
3481,94
3482,70
3483,6
3484,37
3485,23
3486,51
3487,47
3488,47
3489,80
3490,10
3491,94
3492,52
3493,51
3494,99
3495,61
3496,94
3497,82
3498,29
3499,62
3500,93
3501,8
3502,38
3503,35
3504,54
3505,38
3506,62
3507,47
3508,82
3509,59
3510,52
3511,48
3512,59
3513,12
3514,8
3515,5
3516,8
3517,13
3518,4
3519,68
3520,96
3521,90
3522,32
3523,10
3524,87
3525,37
3526,85
3527,88
3528,30
3529,67
3530,6
3531,50
3532,20
3533,27
3534,61
3535,25
3536,72
3537,4
3538,4
3539,41
3540,46
3541,42
3542,13
3543,0
3544,67
3545,33
3546,15
3547,22
3548,15
3549,43
3550,57
3551,15
3552,41
3553,58
3554,25
3555,68
3556,73
3557,53
3558,22
3559,1
3560,93
3561,75
3562,99
3563,97
3564,49
3565,41
3566,18
3567,59
3568,66
3569,83
3570,43
3571,91
3572,86
3573,26
3574,69
3575,66
3576,80
3577,42
3578,21
3579,51
3580,19
3581,38
3582,10
3583,71
3584,0
3585,89
3586,92
3587,99
3588,43
3589,2
3590,6
3591,79
3592,16
3593,84
3594,44
3595,58
3596,80
3597,67
3598,71
3599,0
3600,84
3601,83
3602,58
3603,53
3604,56
3605,83
3606,5
3607,1
3608,47
3609,60
3610,16
3611,86
3612,10
3613,57
3614,54
3615,68
3616,7
3617,28
3618,54
3619,41
3620,24
3621,86
3622,5
3623,23
3624,44
3625,9
3626,66
3627,7
3628,64
3629,1
3630,25
3631,20
3632,27
3633,5
3634,52
3635,60
3636,9
3637,55
3638,14
3639,36
3640,73
3641,26
3642,98
3643,27
3644,43
3645,30
3646,94
3647,90
3648,56
3649,43
3650,17
3651,77
3652,65
3653,75
3654,41
3655,51
3656,5
3657,2
3658,57
3659,58
3660,69
3661,9
3662,92
3663,27
3664,94
3665,97
3666,83
3667,45
3668,63
3669,73
3670,24
3671,22
3672,39
3673,83
3674,31
3675,94
3676,89
3677,8
3678,27
3679,52
3680,93
3681,37
3682,72
3683,87
3684,18
3685,77
3686,57
3687,82
3688,19
3689,54
3690,87
3691,63
3692,6
3693,87
3694,72
3695,26
3696,88
3697,16
3698,58
3699,87
3700,21
3701,9
3702,72
3703,80
3704,99
3705,80
3706,12
3707,9
3708,43
3709,61
3710,47
3711,49
3712,24
3713,67
3714,99
3715,9
3716,92
3717,54
3718,13
3719,98
3720,21
3721,63
3722,17
3723,3
3724,45
3725,32
3726,20
3727,84
3728,32
3729,52
3730,59
3731,74
3732,82
3733,8
3734,80
3735,6
3736,64
3737,62
3738,26
3739,41
3740,65
3741,13
3742,93
3743,53
3744,0
3745,56
3746,4
3747,27
3748,84
3749,51
3750,96
3751,75
3752,93
3753,39
3754,51
3755,23
3756,58
3757,59
3758,53
3759,52
3760,3
3761,76
3762,86
3763,74
3764,43
3765,46
3766,47
3767,44
3768,69
3769,43
3770,70
3771,6
3772,56
3773,78
3774,92
3775,89
3776,26
3777,75
3778,63
3779,80
3780,71
3781,99
3782,53
3783,79
3784,44
3785,50
3786,93
3787,66
3788,64
3789,78
3790,2
3791,72
3792,21
3793,21
3794,42
3795,2
3796,39
3797,59
3798,23
3799,77
3800,95
3801,78
3802,0
3803,96
3804,8
3805,91
3806,64
3807,68
3808,61
3809,87
3810,97
3811,75
3812,92
3813,95
3814,61
3815,27
3816,94
3817,88
3818,85
3819,41
3820,1
3821,72
3822,0
3823,80
3824,92
3825,45
3826,11
3827,4
3828,93
3829,46
3830,91
3831,73
3832,76
3833,35
3834,59
3835,58
3836,12
3837,66
3838,86
3839,40
3840,31
3841,4
3842,85
3843,80
3844,46
3845,30
3846,68
3847,76
3848,87
3849,32
3850,86
3851,39
3852,81
3853,33
3854,37
3855,13
3856,21
3857,21
3858,48
3859,60
3860,99
3861,30
3862,29
3863,50
3864,21
3865,74
3866,8
3867,52
3868,10
3869,21
3870,18
3871,96
3872,79
3873,60
3874,12
3875,69
3876,34
3877,86
3878,50
3879,1
3880,39
3881,37
3882,39
3883,89
3884,40
3885,31
3886,15
3887,12
3888,34
3889,81
3890,13
3891,24
3892,46
3893,55
3894,8
3895,34
3896,40
3897,34
3898,55
3899,35
3900,99
3901,58
3902,90
3903,0
3904,83
3905,26
3906,34
3907,75
3908,52
3909,0
3910,74
3911,92
3912,75
3913,61
3914,22
3915,18
3916,11
3917,66
3918,78
3919,38
3920,60
3921,76
3922,59
3923,95
3924,29
3925,58
3926,68
3927,22
3928,68
3929,91
3930,9
3931,10
3932,7
3933,17
3934,39
3935,26
3936,94
3937,15
3938,4
3939,80
3940,34
3941,0
3942,31
3943,66
3944,69
3945,23
3946,53
3947,87
3948,19
3949,76
3950,67
3951,76
3952,76
3953,27
3954,44
3955,83
3956,26
3957,34
3958,48
3959,37
3960,17
3961,60
3962,65
3963,90
3964,17
3965,40
3966,83
3967,92
3968,37
3969,37
3970,38
3971,16
3972,1
3973,0
3974,79
3975,51
3976,16
3977,36
3978,34
3979,68
3980,49
3981,0
3982,95
3983,17
3984,51
3985,47
3986,60
3987,16
3988,34
3989,99
3990,56
3991,41
3992,18
3993,22
3994,31
3995,29
3996,29
3997,22
3998,1
3999,90
4000,26
4001,41
4002,6
4003,98
4004,7
4005,53
4006,35
4007,77
4008,77
4009,94
4010,32
4011,77
4012,34
4013,9
4014,27
4015,96
4016,90
4017,76
4018,57
4019,54
4020,5
4021,65
4022,44
4023,12
4024,86
4025,78
4026,60
4027,5
4028,44
4029,12
4030,1
4031,55
4032,4
4033,71
4034,89
4035,92
4036,92
4037,39
4038,31
4039,7
4040,20
4041,57
4042,49
4043,73
4044,14
4045,65
4046,8
4047,96
4048,26
4049,95
4050,76
4051,69
4052,80
4053,55
4054,98
4055,66
4056,84
4057,86
4058,44
4059,15
4060,85
4061,81
4062,21
4063,65
4064,58
4065,40
4066,89
4067,7
4068,28
4069,79
4070,63
4071,72
4072,48
4073,11
4074,83
4075,71
4076,17
4077,4
4078,63
4079,92
4080,64
4081,76
4082,88
4083,91
4084,92
4085,14
4086,76
4087,71
4088,63
4089,70
4090,63
4091,77
4092,39
4093,68
4094,1
4095,16
4096,86
4097,22
4098,15
4099,54
4100,21
4101,95
4102,8
4103,15
4104,2
4105,83
4106,54
4107,13
4108,34
4109,44
4110,9
4111,41
4112,32
4113,98
4114,11
4115,15
4116,72
4117,24
4118,85
4119,11
4120,34
4121,10
4122,89
4123,74
4124,86
4125,48
4126,79
4127,58
4128,62
4129,1
4130,13
4131,30
4132,12
4133,52
4134,67
4135,29
4136,99
4137,40
4138,25
4139,88
4140,90
4141,70
4142,76
4143,62
4144,86
4145,81
4146,43
4147,46
4148,5
4149,41
4150,12
4151,46
4152,30
4153,54
4154,48
4155,53
4156,66
4157,10
4158,48
4159,52
4160,75
4161,71
4162,20
4163,63
4164,85
4165,27
4166,39
4167,80
4168,65
4169,88
4170,35
4171,6
4172,84
4173,75
4174,1
4175,87
4176,77
4177,87
4178,9
4179,68
4180,88
4181,80
4182,72
4183,69
4184,84
4185,66
4186,94
4187,11
4188,3
4189,39
4190,17
4191,6
4192,1
4193,41
4194,74
4195,22
4196,14
4197,56
4198,35
4199,29
4200,31
4201,65
4202,65
4203,24
4204,93
4205,75
4206,81
4207,79
4208,72
4209,25
4210,72
4211,35
4212,71
4213,43
4214,0
4215,36
4216,31
4217,90
4218,39
4219,58
4220,27
4221,71
4222,51
4223,79
4224,59
4225,77
4226,11
4227,75
4228,29
4229,28
4230,15
4231,26
4232,66
4233,12
4234,4
4235,1
4236,33
4237,34
4238,95
4239,44
4240,38
4241,42
4242,6
4243,83
4244,21
4245,52
4246,87
4247,16
4248,38
4249,95
4250,56
4251,6
4252,99
4253,62
4254,26
4255,3
4256,91
4257,87
4258,10
4259,78
4260,13
4261,32
4262,55
4263,8
4264,82
4265,76
4266,82
4267,57
4268,52
4269,6
4270,54
4271,55
4272,1
4273,82
4274,29
4275,66
4276,90
4277,26
4278,69
4279,18
4280,0
4281,2
4282,66
4283,85
4284,84
4285,82
4286,32
4287,18
4288,3
4289,91
4290,43
4291,41
4292,48
4293,75
4294,95
4295,17
4296,88
4297,10
4298,98
4299,80
4300,88
4301,96
4302,24
4303,79
4304,81
4305,21
4306,79
4307,44
4308,5
4309,55
4310,62
4311,57
4312,63
4313,71
4314,80
4315,55
4316,45
4317,51
4318,39
4319,76
4320,67
4321,76
4322,20
4323,7
4324,68
4325,89
4326,74
4327,90
4328,18
4329,69
4330,82
4331,2
4332,6
4333,32
4334,36
4335,0
4336,53
4337,93
4338,12
4339,89
4340,78
4341,74
4342,41
4343,97
4344,22
4345,4
4346,2
4347,5
4348,8
4349,13
4350,70
4351,28
4352,85
4353,21
4354,3
4355,71
4356,19
4357,47
4358,40
4359,86
4360,16
4361,42
4362,80
4363,73
4364,78
4365,69
4366,38
4367,59
4368,35
4369,22
4370,76
4371,10
4372,40
4373,41
4374,92
4375,22
4376,33
4377,95
4378,79
4379,6
4380,80
4381,96
4382,97
4383,5
4384,37
4385,52
4386,57
4387,38
4388,72
4389,44
4390,54
4391,19
4392,3
4393,8
4394,48
4395,6
4396,41
4397,24
4398,67
4399,35
4400,93
4401,33
4402,57
4403,52
4404,83
4405,20
4406,24
4407,47
4408,36
4409,81
4410,21
4411,61
4412,43
4413,52
4414,76
4415,60
4416,64
4417,53
4418,14
4419,97
4420,18
4421,97
4422,30
4423,43
4424,19
4425,3
4426,2
4427,87
4428,30
4429,51
4430,25
4431,28
4432,38
4433,63
4434,71
4435,78
4436,17
4437,1
4438,95
4439,4
4440,15
4441,53
4442,76
4443,41
4444,48
4445,83
4446,7
4447,97
4448,4
4449,93
4450,88
4451,71
4452,9
4453,58
4454,18
4455,3
4456,12
4457,90
4458,62
4459,65
4460,50
4461,58
4462,92
4463,57
4464,57
4465,75
4466,7
4467,48
4468,31
4469,48
4470,55
4471,18
4472,71
4473,18
4474,39
4475,35
4476,70
4477,42
4478,88
4479,69
4480,51
4481,28
4482,16
4483,64
4484,45
4485,49
4486,10
4487,43
4488,35
4489,56
4490,4
4491,3
4492,76
4493,65
4494,25
4495,50
4496,26
4497,83
4498,88
4499,72
4500,4
4501,1
4502,99
4503,42
4504,51
4505,48
4506,23
4507,79
4508,94
4509,81
4510,83
4511,54
4512,18
4513,68
4514,16
4515,70
4516,10
4517,44
4518,48
4519,16
4520,69
4521,13
4522,57
4523,78
4524,70
4525,64
4526,28
4527,33
4528,34
4529,2
4530,54
4531,53
4532,64
4533,9
4534,22
4535,75
4536,99
4537,53
4538,85
4539,64
4540,31
4541,90
4542,99
4543,57
4544,73
4545,49
4546,11
4547,72
4548,42
4549,56
4550,54
4551,19
4552,30
4553,55
4554,81
4555,3
4556,62
4557,48
4558,8
4559,1
4560,89
4561,94
4562,23
4563,81
4564,37
4565,21
4566,63
4567,42
4568,11
4569,47
4570,83
4571,82
4572,69
4573,19
4574,74
4575,32
4576,18
4577,11
4578,48
4579,77
4580,30
4581,18
4582,68
4583,79
4584,94
4585,16
4586,18
4587,37
4588,20
4589,43
4590,39
4591,23
4592,70
4593,11
4594,45
4595,17
4596,19
4597,32
4598,11
4599,82
4600,30
4601,84
4602,81
4603,42
4604,22
4605,3
4606,91
4607,28
4608,64
4609,9
4610,91
4611,9
4612,22
4613,22
4614,42
4615,11
4616,64
4617,43
4618,43
4619,1
4620,86
4621,34
4622,92
4623,72
4624,10
4625,50
4626,51
4627,50
4628,40
4629,58
4630,82
4631,35
4632,26
4633,79
4634,7
4635,5
4636,37
4637,12
4638,20
4639,15
4640,72
4641,88
4642,72
4643,5
4644,57
4645,86
4646,34
4647,7
4648,3
4649,4
4650,87
4651,40
4652,23
4653,92
4654,27
4655,88
4656,8
4657,26
4658,68
4659,98
4660,40
4661,66
4662,82
4663,58
4664,88
4665,92
4666,6
4667,57
4668,72
4669,43
4670,34
4671,32
4672,57
4673,23
4674,39
4675,7
4676,31
4677,75
4678,15
4679,74
4680,15
4681,23
4682,83
4683,44
4684,87
4685,94
4686,98
4687,70
4688,17
4689,71
4690,52
4691,56
4692,31
4693,72
4694,97
4695,58
4696,18
4697,88
4698,61
4699,72
4700,39
4701,71
4702,14
4703,71
4704,99
4705,59
4706,8
4707,54
4708,3
4709,91
4710,3
4711,72
4712,41
4713,59
4714,21
4715,28
4716,20
4717,66
4718,7
4719,68
4720,26
4721,11
4722,13
4723,58
4724,16
4725,85
4726,4
4727,84
4728,46
4729,97
4730,8
4731,87
4732,68
4733,27
4734,1
4735,62
4736,96
4737,5
4738,99
4739,97
4740,72
4741,48
4742,87
4743,97
4744,95
4745,59
4746,88
4747,45
4748,7
4749,57
4750,87
4751,67
4752,41
4753,91
4754,6
4755,93
4756,90
4757,91
4758,7
4759,36
4760,47
4761,63
4762,1
4763,91
4764,63
4765,69
4766,31
4767,1
4768,17
4769,49
4770,47
4771,31
4772,80
4773,34
4774,68
4775,6
4776,18
4777,77
4778,73
4779,98
4780,68
4781,16
4782,11
4783,34
4784,15
4785,5
4786,66
4787,92
4788,68
4789,55
4790,57
4791,29
4792,21
4793,22
4794,31
4795,23
4796,22
4797,0
4798,97
4799,46
4800,60
4801,88
4802,33
4803,97
4804,39
4805,31
4806,6
4807,43
4808,44
4809,37
4810,31
4811,71
4812,15
4813,88
4814,52
4815,32
4816,41
4817,43
4818,30
4819,64
4820,92
4821,49
4822,68
4823,6
4824,56
4825,92
4826,24
4827,95
4828,3
4829,96
4830,15
4831,47
4832,17
4833,83
4834,25
4835,92
4836,85
4837,66
4838,58
4839,94
4840,87
4841,80
4842,88
4843,50
4844,4
4845,86
4846,9
4847,85
4848,80
4849,76
4850,48
4851,93
4852,36
4853,27
4854,52
4855,47
4856,7
4857,4
4858,50
4859,83
4860,63
4861,55
4862,21
4863,76
4864,83
4865,1
4866,95
4867,86
4868,35
4869,53
4870,87
4871,76
4872,46
4873,39
4874,1
4875,23
4876,83
4877,37
4878,77
4879,95
4880,65
4881,85
4882,63
4883,75
4884,91
4885,75
4886,80
4887,52
4888,49
4889,88
4890,71
4891,65
4892,95
4893,5
4894,72
4895,46
4896,3
4897,43
4898,2
4899,93
4900,40
4901,87
4902,91
4903,38
4904,24
4905,34
4906,18
4907,97
4908,18
4909,55
4910,27
4911,34
4912,67
4913,15
4914,5
4915,36
4916,90
4917,33
4918,41
4919,61
4920,74
4921,35
4922,78
4923,26
4924,35
4925,89
4926,31
4927,1
4928,34
4929,86
4930,52
4931,97
4932,62
4933,88
4934,51
4935,31
4936,86
4937,2
4938,43
4939,43
4940,13
4941,48
4942,59
4943,61
4944,12
4945,65
4946,69
4947,87
4948,91
4949,14
4950,99
4951,83
4952,77
4953,77
4954,5
4955,97
4956,3
4957,43
4958,9
4959,15
4960,26
4961,48
4962,81
4963,19
4964,94
4965,84
4966,57
4967,83
4968,94
4969,84
4970,72
4971,92
4972,43
4973,84
4974,32
4975,46
4976,67
4977,40
4978,85
4979,81
4980,71
4981,13
4982,55
4983,24
4984,43
4985,25
4986,48
4987,69
4988,93
4989,61
4990,42
4991,85
4992,15
4993,97
4994,7
4995,0
4996,3
4997,82
4998,86
4999,53
5000,64
5001,17
5002,60
5003,58
5004,48
5005,79
5006,63
5007,16
5008,55
5009,27
5010,48
5011,97
5012,33
5013,93
5014,22
5015,45
5016,0
5017,25
5018,96
5019,98
5020,17
5021,49
5022,17
5023,15
5024,23
5025,82
5026,2
5027,17
5028,94
5029,5
5030,16
5031,62
5032,58
5033,9
5034,61
5035,5
5036,48
5037,37
5038,16
5039,9
5040,12
5041,39
5042,86
5043,4
5044,16
5045,93
5046,67
5047,97
5048,89
5049,21
5050,61
5051,27
5052,28
5053,62
5054,34
5055,43
5056,9
5057,16
5058,43
5059,55
5060,6
5061,28
5062,1
5063,50
5064,79
5065,79
5066,99
5067,94
5068,79
5069,7
5070,15
5071,13
5072,66
5073,78
5074,23
5075,93
5076,44
5077,71
5078,94
5079,30
5080,6
5081,99
5082,28
5083,8
5084,27
5085,91
5086,65
5087,46
5088,26
5089,34
5090,36
5091,54
5092,74
5093,4
5094,22
5095,64
5096,21
5097,43
5098,10
5099,42
5100,82
5101,97
5102,39
5103,66
5104,21
5105,52
5106,72
5107,35
5108,73
5109,0
5110,45
5111,12
5112,99
5113,60
5114,7
5115,12
5116,6
5117,39
5118,77
5119,92
5120,18
5121,76
5122,3
5123,10
5124,66
5125,34
5126,47
5127,52
5128,32
5129,83
5130,68
5131,19
5132,33
5133,94
5134,34
5135,7
5136,48
5137,78
5138,40
5139,19
5140,69
5141,65
5142,21
5143,55
5144,30
5145,72
5146,85
5147,16
5148,93
5149,89
5150,5
5151,86
5152,4
5153,40
5154,33
5155,15
5156,44
5157,81
5158,98
5159,34
5160,79
5161,49
5162,78
5163,0
5164,36
5165,11
5166,53
5167,27
5168,32
5169,35
5170,67
5171,69
5172,10
5173,6
5174,48
5175,52
5176,90
5177,40
5178,72
5179,81
5180,65
5181,71
5182,13
5183,6
5184,8
5185,34
5186,19
5187,71
5188,46
5189,43
5190,23
5191,73
5192,33
5193,42
5194,67
5195,62
5196,75
5197,16
5198,94
5199,34
5200,61
5201,5
5202,35
5203,29
5204,67
5205,66
5206,66
5207,22
5208,69
5209,45
5210,65
5211,55
5212,95
5213,98
5214,37
5215,97
5216,46
5217,98
5218,31
5219,97
5220,52
5221,38
5222,8
5223,76
5224,20
5225,54
5226,70
5227,40
5228,79
5229,91
5230,69
5231,96
5232,3
5233,44
5234,29
5235,79
5236,87
5237,35
5238,53
5239,41
5240,63
5241,64
5242,4
5243,77
5244,22
5245,75
5246,22
5247,95
5248,27
5249,69
5250,73
5251,94
5252,14
5253,92
5254,98
5255,24
5256,27
5257,58
5258,34
5259,44
5260,97
5261,24
5262,60
5263,95
5264,19
5265,49
5266,35
5267,38
5268,86
5269,64
5270,31
5271,49
5272,30
5273,51
5274,59
5275,6
5276,8
5277,12
5278,13
5279,22
5280,36
5281,90
5282,25
5283,70
5284,33
5285,42
5286,68
5287,53
5288,72
5289,44
5290,69
5291,12
5292,46
5293,35
5294,15
5295,20
5296,99
5297,42
5298,45
5299,94
5300,42
5301,74
5302,36
5303,84
5304,65
5305,46
5306,43
5307,96
5308,35
5309,53
5310,1
5311,79
5312,51
5313,7
5314,70
5315,70
5316,17
5317,74
5318,72
5319,51
5320,67
5321,42
5322,82
5323,89
5324,90
5325,25
5326,85
5327,68
5328,84
5329,89
5330,40
5331,93
5332,0
5333,59
5334,36
5335,48
5336,27
5337,14
5338,42
5339,99
5340,36
5341,38
5342,85
5343,11
5344,10
5345,71
5346,7
5347,75
5348,56
5349,68
5350,3
5351,89
5352,73
5353,76
5354,54
5355,82
5356,40
5357,74
5358,17
5359,2
5360,40
5361,71
5362,24
5363,29
5364,17
5365,34
5366,67
5367,98
5368,56
5369,65
5370,7
5371,10
5372,53
5373,28
5374,3
5375,56
5376,78
5377,9
5378,32
5379,31
5380,64
5381,12
5382,95
5383,39
5384,27
5385,37
5386,3
5387,79
5388,56
5389,4
5390,22
5391,85
5392,26
5393,40
5394,27
5395,79
5396,47
5397,94
5398,83
5399,41
5400,0
5401,22
5402,75
5403,64
5404,32
5405,56
5406,82
5407,4
5408,0
5409,99
5410,65
5411,98
5412,1
5413,18
5414,89
5415,67
5416,0
5417,20
5418,74
5419,13
5420,53
5421,48
5422,93
5423,58
5424,36
5425,88
5426,78
5427,30
5428,13
5429,71
5430,37
5431,62
5432,60
5433,87
5434,25
5435,90
5436,6
5437,95
5438,83
5439,96
5440,27
5441,0
5442,35
5443,95
5444,79
5445,85
5446,90
5447,76
5448,35
5449,79
5450,80
5451,9
5452,2
5453,27
5454,77
5455,92
5456,88
5457,79
5458,1
5459,14
5460,66
5461,96
5462,22
5463,2
5464,45
5465,89
5466,32
5467,91
5468,76
5469,58
5470,27
5471,51
5472,91
5473,52
5474,3
5475,29
5476,87
5477,56
5478,47
5479,35
5480,59
5481,14
5482,27
5483,61
5484,2
5485,4
5486,94
5487,73
5488,93
5489,17
5490,75
5491,41
5492,20
5493,16
5494,18
5495,53
5496,74
5497,87
5498,29
5499,31
5500,37
5501,58
5502,92
5503,79
5504,73
5505,48
5506,52
5507,96
5508,86
5509,75
5510,44
5511,70
5512,62
5513,54
5514,17
5515,24
5516,0
5517,89
5518,82
5519,73
5520,36
5521,21
5522,86
5523,20
5524,58
5525,38
5526,85
5527,7
5528,65
5529,92
5530,0
5531,18
5532,10
5533,88
5534,76
5535,9
5536,32
5537,44
5538,42
5539,95
5540,90
5541,97
5542,12
5543,5
5544,88
5545,12
5546,78
5547,18
5548,51
5549,61
5550,89
5551,46
5552,37
5553,62
5554,2
5555,67
5556,2
5557,88
5558,58
5559,70
5560,29
5561,96
5562,63
5563,29
5564,83
5565,21
5566,43
5567,57
5568,16
5569,16
5570,66
5571,59
5572,97
5573,15
5574,98
5575,74
5576,45
5577,39
5578,42
5579,97
5580,43
5581,86
5582,22
5583,1
5584,54
5585,49
5586,83
5587,52
5588,3
5589,82
5590,45
5591,12
5592,24
5593,3
5594,7
5595,13
5596,73
5597,4
5598,91
5599,69
5600,91
5601,19
5602,2
5603,86
5604,74
5605,31
5606,82
5607,7
5608,43
5609,10
5610,6
5611,63
5612,32
5613,31
5614,0
5615,91
5616,97
5617,3
5618,58
5619,56
5620,0
5621,1
5622,8
5623,79
5624,41
5625,87
5626,43
5627,82
5628,68
5629,35
5630,69
5631,49
5632,3
5633,99
5634,38
5635,71
5636,96
5637,49
5638,51
5639,25
5640,28
5641,14
5642,95
5643,97
5644,84
5645,85
5646,21
5647,84
5648,43
5649,37
5650,8
5651,26
5652,93
5653,82
5654,88
5655,82
5656,70
5657,39
5658,90
5659,49
5660,38
5661,68
5662,29
5663,46
5664,52
5665,4
5666,15
5667,61
5668,15
5669,42
5670,6
5671,88
5672,26
5673,14
5674,83
5675,91
5676,55
5677,73
5678,48
5679,60
5680,3
5681,45
5682,33
5683,22
5684,6
5685,4
5686,37
5687,70
5688,79
5689,48
5690,59
5691,18
5692,50
5693,7
5694,36
5695,98
5696,73
5697,77
5698,19
5699,49
5700,70
5701,24
5702,3
5703,37
5704,88
5705,47
5706,56
5707,56
5708,83
5709,0
5710,96
5711,30
5712,25
5713,3
5714,72
5715,87
5716,54
5717,33
5718,42
5719,58
5720,34
5721,93
5722,15
5723,40
5724,21
5725,70
5726,94
5727,1
5728,30
5729,90
5730,6
5731,6
5732,61
5733,99
5734,15
5735,37
5736,44
5737,23
5738,34
5739,15
5740,37
5741,11
5742,46
5743,70
5744,83
5745,95
5746,99
5747,15
5748,6
5749,45
5750,53
5751,66
5752,39
5753,38
5754,85
5755,65
5756,58
5757,0
5758,53
5759,69
5760,16
5761,54
5762,52
5763,29
5764,73
5765,99
5766,93
5767,53
5768,19
5769,78
5770,48
5771,95
5772,90
5773,62
5774,66
5775,8
5776,16
5777,57
5778,32
5779,46
5780,10
5781,23
5782,71
5783,51
5784,48
5785,83
5786,2
5787,21
5788,78
5789,44
5790,24
5791,15
5792,9
5793,40
5794,0
5795,91
5796,73
5797,90
5798,48
5799,11
5800,41
5801,84
5802,34
5803,52
5804,74
5805,72
5806,21
5807,35
5808,65
5809,44
5810,90
5811,65
5812,37
5813,38
5814,70
5815,24
5816,64
5817,79
5818,42
5819,22
5820,16
5821,5
5822,21
5823,41
5824,72
5825,22
5826,16
5827,78
5828,70
5829,57
5830,37
5831,63
5832,77
5833,54
5834,31
5835,16
5836,12
5837,29
5838,67
5839,75
5840,12
5841,24
5842,71
5843,19
5844,7
5845,75
5846,80
5847,78
5848,68
5849,28
5850,18
5851,13
5852,13
5853,27
5854,98
5855,86
5856,7
5857,64
5858,9
5859,60
5860,55
5861,69
5862,40
5863,25
5864,62
5865,81
5866,66
5867,7
5868,44
5869,57
5870,64
5871,87
5872,78
5873,67
5874,86
5875,29
5876,59
5877,22
5878,16
5879,2
5880,38
5881,74
5882,35
5883,19
5884,77
5885,23
5886,62
5887,93
5888,35
5889,66
5890,36
5891,37
5892,15
5893,31
5894,5
5895,67
5896,52
5897,44
5898,13
5899,85
5900,93
5901,15
5902,92
5903,44
5904,83
5905,28
5906,2
5907,43
5908,37
5909,4
5910,55
5911,29
5912,1
5913,34
5914,47
5915,73
5916,38
5917,99
5918,94
5919,39
5920,50
5921,31
5922,43
5923,41
5924,5
5925,39
5926,62
5927,45
5928,59
5929,11
5930,75
5931,76
5932,28
5933,63
5934,11
5935,69
5936,15
5937,11
5938,68
5939,89
5940,45
5941,26
5942,84
5943,24
5944,92
5945,27
5946,57
5947,33
5948,98
5949,68
5950,75
5951,27
5952,17
5953,52
5954,38
5955,81
5956,75
5957,90
5958,0
5959,47
5960,29
5961,16
5962,18
5963,35
5964,68
5965,94
5966,30
5967,78
5968,97
5969,78
5970,84
5971,89
5972,82
5973,30
5974,0
5975,71
5976,5
5977,74
5978,3
5979,30
5980,70
5981,84
5982,53
5983,37
5984,52
5985,21
5986,66
5987,61
5988,35
5989,33
5990,5
5991,80
5992,85
5993,69
5994,52
5995,81
5996,12
5997,31
5998,0
5999,95
6000,37
6001,31
6002,0
6003,59
6004,54
6005,78
6006,13
6007,74
6008,53
6009,71
6010,92
6011,57
6012,23
6013,40
6014,87
6015,59
6016,72
6017,66
6018,43
6019,76
6020,25
6021,36
6022,75
6023,6
6024,79
6025,90
6026,3
6027,24
6028,61
6029,34
6030,69
6031,20
6032,52
6033,16
6034,66
6035,70
6036,70
6037,61
6038,16
6039,85
6040,35
6041,49
6042,20
6043,5
6044,64
6045,19
6046,16
6047,74
6048,34
6049,4
6050,42
6051,7
6052,59
6053,36
6054,83
6055,44
6056,71
6057,7
6058,51
6059,70
6060,69
6061,43
6062,64
6063,37
6064,17
6065,21
6066,16
6067,80
6068,63
6069,96
6070,88
6071,67
6072,35
6073,0
6074,66
6075,94
6076,54
6077,93
6078,87
6079,20
6080,82
6081,57
6082,34
6083,67
6084,14
6085,28
6086,19
6087,54
6088,18
6089,65
6090,74
6091,68
6092,9
6093,83
6094,45
6095,99
6096,10
6097,20
6098,14
6099,42
6100,8
6101,10
6102,20
6103,84
6104,90
6105,10
6106,59
6107,98
6108,91
6109,86
6110,27
6111,46
6112,96
6113,92
6114,34
6115,35
6116,66
6117,22
6118,78
6119,15
6120,35
6121,64
6122,69
6123,46
6124,93
6125,78
6126,0
6127,58
6128,47
6129,71
6130,28
6131,49
6132,34
6133,45
6134,17
6135,81
6136,19
6137,42
6138,81
6139,11
6140,24
6141,73
6142,33
6143,20
6144,71
6145,71
6146,12
6147,81
6148,68
6149,67
6150,12
6151,46
6152,90
6153,95
6154,97
6155,4
6156,48
6157,58
6158,98
6159,24
6160,51
6161,69
6162,46
6163,54
6164,16
6165,92
6166,4
6167,27
6168,31
6169,7
6170,11
6171,78
6172,59
6173,69
6174,43
6175,19
6176,57
6177,2
6178,19
6179,97
6180,94
6181,16
6182,49
6183,44
6184,13
6185,70
6186,86
6187,9
6188,22
6189,74
6190,31
6191,28
6192,4
6193,2
6194,8
6195,18
6196,92
6197,9
6198,51
6199,34
6200,86
6201,16
6202,76
6203,53
6204,29
6205,1
6206,80
6207,55
6208,0
6209,1
6210,89
6211,43
6212,19
6213,33
6214,42
6215,87
6216,47
6217,71
6218,66
6219,10
6220,27
6221,17
6222,10
6223,44
6224,21
6225,87
6226,75
6227,91
6228,13
6229,17
6230,2
6231,12
6232,46
6233,81
6234,0
6235,77
6236,99
6237,24
6238,79
6239,11
6240,97
6241,64
6242,35
6243,70
6244,72
6245,36
6246,30
6247,19
6248,40
6249,43
6250,23
6251,95
6252,20
6253,71
6254,39
6255,29
6256,62
6257,45
6258,67
6259,50
6260,60
6261,2
6262,64
6263,52
6264,7
6265,0
6266,18
6267,50
6268,7
6269,88
6270,74
6271,3
6272,39
6273,49
6274,3
6275,45
6276,8
6277,44
6278,84
6279,46
6280,78
6281,22
6282,64
6283,40
6284,6
6285,53
6286,78
6287,34
6288,95
6289,76
6290,6
6291,26
6292,43
6293,85
6294,59
6295,31
6296,69
6297,66
6298,46
6299,23
6300,72
6301,55
6302,50
6303,27
6304,45
6305,14
6306,10
6307,65
6308,4
6309,95
6310,26
6311,79
6312,43
6313,12
6314,98
6315,71
6316,26
6317,17
6318,12
6319,28
6320,47
6321,32
6322,37
6323,1
6324,56
6325,12
6326,78
6327,87
6328,29
6329,28
6330,22
6331,95
6332,22
6333,0
6334,4
6335,20
6336,88
6337,68
6338,65
6339,11
6340,77
6341,72
6342,75
6343,3
6344,58
6345,18
6346,76
6347,63
6348,10
6349,47
6350,89
6351,54
6352,83
6353,86
6354,89
6355,98
6356,38
6357,77
6358,5
6359,14
6360,14
6361,82
6362,81
6363,43
6364,39
6365,23
6366,36
6367,20
6368,49
6369,2
6370,88
6371,23
6372,50
6373,38
6374,63
6375,62
6376,31
6377,98
6378,80
6379,95
6380,97
6381,32
6382,64
6383,74
6384,40
6385,25
6386,78
6387,52
6388,61
6389,57
6390,39
6391,6
6392,61
6393,21
6394,84
6395,56
6396,65
6397,85
6398,23
6399,8
6400,97
6401,84
6402,8
6403,57
6404,28
6405,70
6406,33
6407,94
6408,95
6409,78
6410,8
6411,83
6412,12
6413,19
6414,7
6415,5
6416,65
6417,56
6418,90
6419,28
6420,0
6421,49
6422,84
6423,59
6424,25
6425,44
6426,41
6427,19
6428,65
6429,81
6430,60
6431,40
6432,24
6433,33
6434,32
6435,16
6436,62
6437,62
6438,28
6439,19
6440,91
6441,37
6442,70
6443,82
6444,63
6445,8
6446,49
6447,47
6448,68
6449,49
6450,95
6451,43
6452,59
6453,6
6454,62
6455,27
6456,43
6457,58
6458,17
6459,53
6460,24
6461,57
6462,43
6463,1
6464,4
6465,10
6466,59
6467,21
6468,55
6469,7
6470,37
6471,27
6472,18
6473,58
6474,26
6475,9
6476,99
6477,36
6478,48
6479,13
6480,80
6481,51
6482,83
6483,67
6484,16
6485,73
6486,43
6487,57
6488,51
6489,75
6490,24
6491,46
6492,63
6493,57
6494,52
6495,34
6496,98
6497,0
6498,63
6499,23
6500,93
6501,90
6502,22
6503,34
6504,41
6505,57
6506,75
6507,93
6508,33
6509,95
6510,72
6511,21
6512,51
6513,73
6514,97
6515,42
6516,57
6517,46
6518,74
6519,79
6520,34
6521,72
6522,69
6523,16
6524,38
6525,70
6526,83
6527,86
6528,93
6529,84
6530,38
6531,43
6532,12
6533,87
6534,28
6535,95
6536,3
6537,1
6538,75
6539,72
6540,21
6541,91
6542,64
6543,44
6544,44
6545,72
6546,48
6547,88
6548,17
6549,10
6550,9
6551,12
6552,45
6553,53
6554,9
6555,21
6556,73
6557,19
6558,8
6559,86
6560,87
6561,34
6562,55
6563,43
6564,61
6565,46
6566,24
6567,69
6568,57
6569,44
6570,59
6571,33
6572,24
6573,80
6574,80
6575,78
6576,13
6577,29
6578,6
6579,75
6580,16
6581,32
6582,80
6583,73
6584,65
6585,18
6586,23
6587,23
6588,35
6589,73
6590,69
6591,10
6592,53
6593,76
6594,98
6595,51
6596,86
6597,82
6598,99
6599,69
6600,27
6601,9
6602,26
6603,46
6604,61
6605,33
6606,69
6607,68
6608,87
6609,94
6610,42
6611,74
6612,85
6613,48
6614,66
6615,67
6616,89
6617,53
6618,78
6619,43
6620,56
6621,29
6622,80
6623,82
6624,99
6625,16
6626,29
6627,25
6628,61
6629,73
6630,22
6631,27
6632,86
6633,10
6634,98
6635,38
6636,80
6637,29
6638,66
6639,28
6640,15
6641,64
6642,32
6643,7
6644,72
6645,42
6646,53
6647,58
6648,27
6649,37
6650,35
6651,21
6652,86
6653,57
6654,94
6655,93
6656,78
6657,95
6658,90
6659,14
6660,1
6661,16
6662,18
6663,95
6664,92
6665,48
6666,26
6667,49
6668,63
6669,77
6670,39
6671,80
6672,26
6673,31
6674,65
6675,1
6676,84
6677,21
6678,98
6679,90
6680,52
6681,29
6682,55
6683,67
6684,38
6685,82
6686,76
6687,55
6688,57
6689,39
6690,96
6691,75
6692,92
6693,32
6694,73
6695,96
6696,45
6697,28
6698,0
6699,31
6700,59
6701,58
6702,81
6703,61
6704,67
6705,55
6706,32
6707,11
6708,67
6709,84
6710,12
6711,31
6712,44
6713,98
6714,66
6715,4
6716,74
6717,48
6718,83
6719,70
6720,67
6721,47
6722,21
6723,93
6724,75
6725,19
6726,32
6727,79
6728,45
6729,50
6730,29
6731,55
6732,74
6733,64
6734,57
6735,47
6736,78
6737,40
6738,35
6739,63
6740,37
6741,51
6742,17
6743,83
6744,74
6745,58
6746,34
6747,49
6748,69
6749,98
6750,47
6751,93
6752,26
6753,2
6754,58
6755,61
6756,72
6757,85
6758,40
6759,49
6760,88
6761,5
6762,83
6763,20
6764,86
6765,52
6766,5
6767,98
6768,22
6769,2
6770,34
6771,79
6772,12
6773,54
6774,37
6775,87
6776,11
6777,69
6778,91
6779,30
6780,37
6781,69
6782,63
6783,37
6784,20
6785,44
6786,46
6787,1
6788,56
6789,55
6790,62
6791,53
6792,48
6793,26
6794,14
6795,37
6796,72
6797,65
6798,2
6799,95
6800,36
6801,44
6802,35
6803,69
6804,16
6805,88
6806,99
6807,77
6808,80
6809,11
6810,78
6811,40
6812,19
6813,11
6814,54
6815,97
6816,7
6817,96
6818,33
6819,94
6820,36
6821,94
6822,73
6823,96
6824,81
6825,25
6826,83
6827,88
6828,63
6829,8
6830,36
6831,59
6832,70
6833,59
6834,46
6835,14
6836,93
6837,54
6838,50
6839,80
6840,65
6841,64
6842,43
6843,32
6844,61
6845,27
6846,98
6847,15
6848,16
6849,19
6850,41
6851,3
6852,49
6853,19
6854,52
6855,1
6856,97
6857,91
6858,81
6859,19
6860,59
6861,71
6862,2
6863,73
6864,19
6865,28
6866,65
6867,34
6868,8
6869,63
6870,51
6871,58
6872,31
6873,12
6874,59
6875,11
6876,46
6877,72
6878,21
6879,21
6880,75
6881,11
6882,73
6883,18
6884,91
6885,0
6886,66
6887,27
6888,83
6889,74
6890,83
6891,19
6892,5
6893,54
6894,49
6895,21
6896,76
6897,57
6898,91
6899,28
6900,17
6901,95
6902,30
6903,88
6904,66
6905,76
6906,97
6907,53
6908,79
6909,24
6910,91
6911,85
6912,88
6913,44
6914,64
6915,74
6916,17
6917,29
6918,44
6919,51
6920,74
6921,52
6922,82
6923,12
6924,71
6925,52
6926,82
6927,95
6928,84
6929,95
6930,42
6931,14
6932,94
6933,0
6934,23
6935,60
6936,25
6937,5
6938,57
6939,61
6940,59
6941,8
6942,21
6943,56
6944,1
6945,77
6946,55
6947,26
6948,80
6949,89
6950,43
6951,85
6952,67
6953,20
6954,51
6955,81
6956,46
6957,67
6958,77
6959,6
6960,93
6961,85
6962,38
6963,67
6964,26
6965,21
6966,52
6967,74
6968,20
6969,92
6970,64
6971,68
6972,32
6973,82
6974,34
6975,3
6976,80
6977,38
6978,97
6979,1
6980,21
6981,10
6982,25
6983,4
6984,7
6985,65
6986,48
6987,82
6988,83
6989,46
6990,94
6991,25
6992,61
6993,35
6994,38
6995,92
6996,4
6997,13
6998,24
6999,72
7000,7
7001,20
7002,86
7003,91
7004,87
7005,25
7006,64
7007,48
7008,25
7009,42
7010,0
7011,23
7012,0
7013,48
7014,1
7015,0
7016,35
7017,26
7018,6
7019,81
7020,67
7021,78
7022,43
7023,14
7024,62
7025,18
7026,34
7027,97
7028,61
7029,35
7030,40
7031,40
7032,33
7033,49
7034,62
7035,32
7036,9
7037,60
7038,98
7039,48
7040,6
7041,51
7042,25
7043,41
7044,85
7045,21
7046,20
7047,97
7048,36
7049,10
7050,25
7051,31
7052,41
7053,86
7054,56
7055,52
7056,70
7057,46
7058,10
7059,46
7060,95
7061,28
7062,85
7063,84
7064,62
7065,47
7066,93
7067,2
7068,26
7069,92
7070,83
7071,70
7072,86
7073,7
7074,68
7075,78
7076,52
7077,45
7078,38
7079,99
7080,1
7081,17
7082,5
7083,3
7084,25
7085,43
7086,21
7087,58
7088,3
7089,29
7090,37
7091,0
7092,38
7093,16
7094,2
7095,80
7096,58
7097,73
7098,32
7099,81
7100,94
7101,54
7102,15
7103,53
7104,11
7105,17
7106,47
7107,86
7108,32
7109,4
7110,6
7111,89
7112,54
7113,92
7114,87
7115,79
7116,82
7117,99
7118,13
7119,67
7120,26
7121,4
7122,23
7123,44
7124,89
7125,61
7126,47
7127,67
7128,75
7129,31
7130,80
7131,39
7132,21
7133,89
7134,70
7135,41
7136,85
7137,53
7138,60
7139,38
7140,59
7141,93
7142,39
7143,48
7144,82
7145,58
7146,79
7147,87
7148,54
7149,98
7150,17
7151,51
7152,36
7153,67
7154,24
7155,72
7156,8
7157,26
7158,97
7159,24
7160,58
7161,59
7162,17
7163,34
7164,66
7165,67
7166,47
7167,34
7168,95
7169,29
7170,91
7171,18
7172,1
7173,92
7174,41
7175,73
7176,89
7177,14
7178,75
7179,81
7180,31
7181,63
7182,56
7183,52
7184,59
7185,61
7186,5
7187,11
7188,27
7189,90
7190,37
7191,92
7192,97
7193,54
7194,8
7195,89
7196,27
7197,28
7198,52
7199,29
7200,81
7201,53
7202,70
7203,12
7204,73
7205,10
7206,13
7207,26
7208,92
7209,70
7210,82
7211,20
7212,33
7213,21
7214,78
7215,87
7216,18
7217,37
7218,78
7219,26
7220,16
7221,65
7222,75
7223,15
7224,30
7225,75
7226,17
7227,14
7228,75
7229,50
7230,72
7231,13
7232,54
7233,89
7234,36
7235,82
7236,26
7237,69
7238,92
7239,28
7240,77
7241,20
7242,71
7243,50
7244,88
7245,84
7246,98
7247,91
7248,55
7249,85
7250,68
7251,94
7252,76
7253,5
7254,33
7255,54
7256,8
7257,6
7258,20
7259,76
7260,66
7261,96
7262,72
7263,16
7264,9
7265,26
7266,74
7267,34
7268,9
7269,99
7270,79
7271,12
7272,76
7273,5
7274,54
7275,94
7276,54
7277,92
7278,95
7279,54
7280,97
7281,54
7282,10
7283,97
7284,87
7285,72
7286,95
7287,47
7288,76
7289,78
7290,32
7291,90
7292,20
7293,34
7294,72
7295,7
7296,18
7297,12
7298,62
7299,1
7300,70
7301,33
7302,21
7303,37
7304,49
7305,31
7306,65
7307,50
7308,5
7309,92
7310,59
7311,16
7312,80
7313,66
7314,89
7315,87
7316,83
7317,52
7318,76
7319,70
7320,65
7321,91
7322,66
7323,56
7324,80
7325,4
7326,44
7327,19
7328,25
7329,2
7330,14
7331,75
7332,16
7333,63
7334,53
7335,80
7336,43
7337,37
7338,30
7339,35
7340,71
7341,4
7342,5
7343,27
7344,70
7345,54
7346,41
7347,79
7348,93
7349,70
7350,18
7351,87
7352,80
7353,40
7354,99
7355,40
7356,16
7357,66
7358,3
7359,19
7360,27
7361,41
7362,15
7363,50
7364,8
7365,90
7366,72
7367,55
7368,39
7369,19
7370,50
7371,75
7372,54
7373,40
7374,5
7375,78
7376,89
7377,21
7378,15
7379,21
7380,92
7381,80
7382,30
7383,50
7384,46
7385,8
7386,4
7387,69
7388,20
7389,57
7390,61
7391,92
7392,60
7393,31
7394,70
7395,19
7396,54
7397,10
7398,74
7399,91
7400,12
7401,71
7402,39
7403,52
7404,15
7405,19
7406,82
7407,4
7408,6
7409,6
7410,59
7411,89
7412,77
7413,61
7414,52
7415,52
7416,41
7417,98
7418,2
7419,41
7420,33
7421,82
7422,94
7423,56
7424,37
7425,63
7426,52
7427,96
7428,66
7429,34
7430,19
7431,18
7432,53
7433,87
7434,77
7435,0
7436,48
7437,22
7438,71
7439,50
7440,24
7441,3
7442,1
7443,49
7444,28
7445,10
7446,94
7447,96
7448,85
7449,79
7450,2
7451,25
7452,61
7453,63
7454,12
7455,27
7456,52
7457,2
7458,40
7459,29
7460,75
7461,89
7462,20
7463,8
7464,68
7465,55
7466,69
7467,4
7468,72
7469,21
7470,91
7471,84
7472,43
7473,41
7474,78
7475,7
7476,19
7477,13
7478,55
7479,34
7480,48
7481,75
7482,36
7483,27
7484,88
7485,72
7486,2
7487,1
7488,75
7489,65
7490,29
7491,6
7492,26
7493,88
7494,86
7495,38
7496,19
7497,34
7498,0
7499,62
7500,39
7501,2
7502,79
7503,83
7504,23
7505,71
7506,3
7507,21
7508,20
7509,67
7510,53
7511,27
7512,93
7513,43
7514,25
7515,23
7516,8
7517,62
7518,3
7519,63
7520,53
7521,64
7522,73
7523,44
7524,9
7525,69
7526,39
7527,42
7528,40
7529,66
7530,63
7531,4
7532,45
7533,49
7534,32
7535,65
7536,2
7537,70
7538,7
7539,23
7540,18
7541,5
7542,98
7543,48
7544,28
7545,87
7546,65
7547,86
7548,17
7549,6
7550,94
7551,22
7552,31
7553,96
7554,1
7555,20
7556,20
7557,30
7558,72
7559,12
7560,84
7561,24
7562,56
7563,35
7564,68
7565,73
7566,29
7567,22
7568,43
7569,55
7570,11
7571,97
7572,55
7573,90
7574,42
7575,83
7576,11
7577,69
7578,1
7579,71
7580,81
7581,6
7582,72
7583,95
7584,42
7585,24
7586,61
7587,39
7588,8
7589,98
7590,9
7591,91
7592,49
7593,10
7594,85
7595,26
7596,34
7597,96
7598,73
7599,69
7600,66
7601,15
7602,23
7603,65
7604,74
7605,91
7606,21
7607,60
7608,42
7609,52
7610,0
7611,38
7612,70
7613,73
7614,10
7615,70
7616,30
7617,98
7618,7
7619,44
7620,31
7621,84
7622,22
7623,10
7624,44
7625,88
7626,28
7627,0
7628,76
7629,13
7630,46
7631,66
7632,95
7633,33
7634,18
7635,52
7636,46
7637,38
7638,39
7639,35
7640,45
7641,80
7642,85
7643,64
7644,86
7645,71
7646,90
7647,1
7648,58
7649,58
7650,53
7651,42
7652,33
7653,0
7654,39
7655,26
7656,60
7657,92
7658,78
7659,57
7660,18
7661,47
7662,37
7663,30
7664,91
7665,10
7666,15
7667,53
7668,45
7669,26
7670,62
7671,40
7672,57
7673,91
7674,44
7675,47
7676,12
7677,94
7678,32
7679,21
7680,25
7681,74
7682,58
7683,83
7684,59
7685,37
7686,77
7687,93
7688,62
7689,55
7690,40
7691,63
7692,26
7693,77
7694,96
7695,3
7696,61
7697,21
7698,37
7699,32
7700,99
7701,31
7702,21
7703,71
7704,55
7705,82
7706,47
7707,17
7708,19
7709,61
7710,57
7711,76
7712,92
7713,26
7714,58
7715,24
7716,70
7717,46
7718,5
7719,87
7720,19
7721,85
7722,5
7723,21
7724,55
7725,71
7726,44
7727,96
7728,82
7729,45
7730,30
7731,46
7732,37
7733,96
7734,73
7735,30
7736,79
7737,94
7738,0
7739,48
7740,36
7741,86
7742,15
7743,2
7744,57
7745,12
7746,61
7747,23
7748,30
7749,88
7750,14
7751,86
7752,80
7753,52
7754,4
7755,8
7756,84
7757,93
7758,53
7759,7
7760,49
7761,24
7762,17
7763,75
7764,35
7765,77
7766,55
7767,50
7768,91
7769,5
7770,16
7771,36
7772,93
7773,41
7774,60
7775,1
7776,78
7777,86
7778,79
7779,77
7780,46
7781,20
7782,28
7783,83
7784,34
7785,41
7786,20
7787,2
7788,46
7789,46
7790,32
7791,2
7792,88
7793,59
7794,69
7795,54
7796,6
7797,19
7798,97
7799,45
7800,21
7801,69
7802,73
7803,12
7804,47
7805,38
7806,60
7807,34
7808,61
7809,28
7810,73
7811,54
7812,73
7813,96
7814,57
7815,5
7816,12
7817,49
7818,77
7819,67
7820,10
7821,13
7822,60
7823,29
7824,93
7825,19
7826,88
7827,81
7828,59
7829,71
7830,21
7831,29
7832,55
7833,17
7834,11
7835,91
7836,91
7837,27
7838,0
7839,90
7840,47
7841,30
7842,19
7843,26
7844,63
7845,15
7846,47
7847,58
7848,86
7849,98
7850,88
7851,8
7852,19
7853,55
7854,57
7855,32
7856,86
7857,21
7858,37
7859,62
7860,30
7861,45
7862,83
7863,60
7864,56
7865,98
7866,1
7867,31
7868,13
7869,33
7870,64
7871,42
7872,76
7873,48
7874,63
7875,20
7876,54
7877,71
7878,69
7879,75
7880,81
7881,69
7882,5
7883,60
7884,1
7885,19
7886,30
7887,78
7888,74
7889,47
7890,40
7891,22
7892,46
7893,23
7894,32
7895,49
7896,6
7897,43
7898,25
7899,55
7900,83
7901,39
7902,75
7903,12
7904,65
7905,99
7906,62
7907,64
7908,38
7909,91
7910,77
7911,59
7912,40
7913,86
7914,99
7915,19
7916,84
7917,98
7918,55
7919,94
7920,85
7921,96
7922,4
7923,78
7924,27
7925,1
7926,89
7927,7
7928,57
7929,4
7930,28
7931,79
7932,26
7933,97
7934,76
7935,94
7936,13
7937,59
7938,2
7939,49
7940,93
7941,58
7942,62
7943,30
7944,82
7945,91
7946,19
7947,19
7948,70
7949,40
7950,28
7951,17
7952,96
7953,61
7954,33
7955,0
7956,2
7957,18
7958,6
7959,2
7960,44
7961,43
7962,67
7963,20
7964,19
7965,69
7966,48
7967,51
7968,0
7969,62
7970,37
7971,94
7972,19
7973,95
7974,9
7975,43
7976,62
7977,75
7978,8
7979,58
7980,98
7981,65
7982,21
7983,77
7984,15
7985,10
7986,71
7987,64
7988,91
7989,10
7990,90
7991,44
7992,71
7993,31
7994,69
7995,42
7996,31
7997,11
7998,35
7999,18
8000,60
8001,44
8002,92
8003,68
8004,76
8005,29
8006,62
8007,32
8008,5
8009,85
8010,64
8011,0
8012,52
8013,32
8014,70
8015,75
8016,96
8017,94
8018,16
8019,51
8020,41
8021,40
8022,66
8023,3
8024,33
8025,6
8026,81
8027,12
8028,56
8029,96
8030,32
8031,60
8032,42
8033,47
8034,23
8035,15
8036,50
8037,45
8038,85
8039,66
8040,99
8041,55
8042,21
8043,39
8044,9
8045,44
8046,18
8047,83
8048,70
8049,17
8050,95
8051,3
8052,8
8053,11
8054,71
8055,25
8056,89
8057,64
8058,92
8059,87
8060,79
8061,51
8062,4
8063,12
8064,96
8065,46
8066,28
8067,55
8068,51
8069,36
8070,29
8071,40
8072,17
8073,73
8074,82
8075,57
8076,59
8077,94
8078,74
8079,85
8080,93
8081,6
8082,19
8083,22
8084,9
8085,77
8086,69
8087,28
8088,70
8089,41
8090,18
8091,58
8092,81
8093,57
8094,86
8095,62
8096,11
8097,77
8098,9
8099,6
8100,12
8101,28
8102,39
8103,77
8104,33
8105,60
8106,87
8107,83
8108,78
8109,31
8110,44
8111,44
8112,19
8113,71
8114,90
8115,8
8116,27
8117,24
8118,8
8119,86
8120,37
8121,38
8122,56
8123,73
8124,68
8125,56
8126,84
8127,87
8128,26
8129,85
8130,9
8131,44
8132,63
8133,62
8134,97
8135,50
8136,13
8137,16
8138,64
8139,62
8140,89
8141,42
8142,7
8143,81
8144,40
8145,53
8146,18
8147,18
8148,53
8149,35
8150,22
8151,5
8152,91
8153,49
8154,75
8155,99
8156,82
8157,2
8158,9
8159,57
8160,13
8161,27
8162,40
8163,2
8164,84
8165,99
8166,72
8167,13
8168,89
8169,16
8170,29
8171,54
8172,97
8173,50
8174,66
8175,67
8176,52
8177,74
8178,78
8179,57
8180,67
8181,58
8182,18
8183,5
8184,37
8185,94
8186,54
8187,43
8188,25
8189,73
8190,96
8191,94
8192,98
8193,30
8194,29
8195,17
8196,35
8197,19
8198,77
8199,20
8200,28
8201,62
8202,21
8203,36
8204,41
8205,30
8206,40
8207,99
8208,88
8209,38
8210,81
8211,40
8212,52
8213,85
8214,28
8215,73
8216,62
8217,1
8218,93
8219,40
8220,30
8221,5
8222,21
8223,1
8224,93
8225,95
8226,3
8227,67
8228,65
8229,86
8230,38
8231,20
8232,30
8233,56
8234,38
8235,68
8236,46
8237,49
8238,27
8239,96
8240,32
8241,18
8242,74
8243,0
8244,58
8245,14
8246,13
8247,98
8248,52
8249,81
8250,44
8251,32
8252,28
8253,21
8254,45
8255,38
8256,84
8257,12
8258,27
8259,18
8260,60
8261,82
8262,98
8263,63
8264,4
8265,27
8266,20
8267,52
8268,32
8269,88
8270,42
8271,60
8272,53
8273,58
8274,70
8275,5
8276,28
8277,36
8278,38
8279,23
8280,41
8281,14
8282,71
8283,76
8284,95
8285,63
8286,71
8287,94
8288,55
8289,24
8290,0
8291,60
8292,45
8293,85
8294,69
8295,62
8296,9
8297,4
8298,86
8299,28
8300,51
8301,85
8302,98
8303,44
8304,7
8305,52
8306,73
8307,5
8308,95
8309,0
8310,23
8311,50
8312,43
8313,76
8314,74
8315,75
8316,64
8317,17
8318,42
8319,43
8320,97
8321,98
8322,56
8323,65
8324,56
8325,29
8326,19
8327,0
8328,47
8329,91
8330,67
8331,42
8332,21
8333,28
8334,14
8335,6
8336,92
8337,82
8338,8
8339,75
8340,5
8341,35
8342,18
8343,61
8344,91
8345,23
8346,64
8347,93
8348,47
8349,99
8350,96
8351,1
8352,25
8353,78
8354,63
8355,47
8356,85
8357,49
8358,2
8359,12
8360,79
8361,57
8362,85
8363,14
8364,13
8365,24
8366,82
8367,96
8368,29
8369,17
8370,72
8371,50
8372,31
8373,45
8374,50
8375,8
8376,94
8377,39
8378,72
8379,70
8380,51
8381,24
8382,8
8383,62
8384,90
8385,0
8386,63
8387,71
8388,67
8389,23
8390,22
8391,6
8392,66
8393,52
8394,8
8395,0
8396,69
8397,52
8398,24
8399,33
8400,42
8401,3
8402,77
8403,68
8404,48
8405,78
8406,4
8407,95
8408,13
8409,60
8410,61
8411,82
8412,41
8413,92
8414,9
8415,10
8416,9
8417,99
8418,65
8419,14
8420,93
8421,6
8422,76
8423,88
8424,64
8425,86
8426,28
8427,41
8428,0
8429,25
8430,47
8431,91
8432,37
8433,86
8434,13
8435,5
8436,44
8437,5
8438,24
8439,44
8440,21
8441,29
8442,78
8443,38
8444,65
8445,94
8446,20
8447,87
8448,46
8449,32
8450,97
8451,28
8452,9
8453,72
8454,38
8455,69
8456,2
8457,52
8458,34
8459,79
8460,21
8461,99
8462,73
8463,2
8464,34
8465,11
8466,75
8467,66
8468,16
8469,70
8470,7
8471,12
8472,93
8473,16
8474,78
8475,39
8476,35
8477,2
8478,22
8479,74
8480,13
8481,78
8482,62
8483,84
8484,45
8485,79
8486,62
8487,18
8488,31
8489,89
8490,97
8491,11
8492,45
8493,25
8494,96
8495,76
8496,14
8497,88
8498,13
8499,91
8500,95
8501,61
8502,14
8503,0
8504,79
8505,15
8506,62
8507,7
8508,17
8509,81
8510,67
8511,99
8512,88
8513,98
8514,36
8515,8
8516,25
8517,89
8518,63
8519,24
8520,98
8521,60
8522,40
8523,54
8524,82
8525,56
8526,6
8527,73
8528,24
8529,6
8530,4
8531,98
8532,38
8533,26
8534,58
8535,30
8536,68
8537,46
8538,46
8539,36
8540,79
8541,15
8542,84
8543,49
8544,76
8545,83
8546,77
8547,13
8548,22
8549,8
8550,72
8551,28
8552,69
8553,54
8554,80
8555,44
8556,26
8557,53
8558,79
8559,26
8560,8
8561,92
8562,43
8563,13
8564,2
8565,48
8566,69
8567,86
8568,72
8569,28
8570,37
8571,35
8572,86
8573,48
8574,52
8575,55
8576,30
8577,71
8578,19
8579,59
8580,56
8581,47
8582,16
8583,2
8584,95
8585,28
8586,29
8587,17
8588,80
8589,90
8590,67
8591,33
8592,31
8593,15
8594,86
8595,73
8596,63
8597,79
8598,55
8599,87
8600,50
8601,50
8602,24
8603,84
8604,7
8605,70
8606,23
8607,18
8608,26
8609,47
8610,69
8611,97
8612,0
8613,54
8614,82
8615,36
8616,25
8617,0
8618,41
8619,27
8620,8
8621,65
8622,77
8623,17
8624,73
8625,21
8626,81
8627,25
8628,29
8629,68
8630,2
8631,64
8632,60
8633,50
8634,45
8635,8
8636,24
8637,46
8638,36
8639,66
8640,44
8641,67
8642,88
8643,5
8644,15
8645,44
8646,12
8647,85
8648,35
8649,12
8650,27
8651,50
8652,83
8653,41
8654,63
8655,85
8656,4
8657,20
8658,82
8659,51
8660,26
8661,82
8662,8
8663,26
8664,59
8665,14
8666,58
8667,10
8668,54
8669,16
8670,20
8671,25
8672,36
8673,82
8674,91
8675,18
8676,23
8677,31
8678,84
8679,13
8680,2
8681,84
8682,78
8683,74
8684,8
8685,34
8686,70
8687,70
8688,85
8689,80
8690,70
8691,4
8692,2
8693,81
8694,46
8695,19
8696,31
8697,20
8698,99
8699,64
8700,65
8701,12
8702,35
8703,60
8704,82
8705,10
8706,66
8707,1
8708,70
8709,86
8710,35
8711,73
8712,98
8713,1
8714,53
8715,2
8716,62
8717,34
8718,92
8719,59
8720,66
8721,0
8722,73
8723,80
8724,19
8725,25
8726,28
8727,96
8728,18
8729,96
8730,30
8731,35
8732,20
8733,99
8734,16
8735,61
8736,66
8737,51
8738,47
8739,50
8740,88
8741,2
8742,72
8743,55
8744,26
8745,26
8746,70
8747,31
8748,58
8749,6
8750,61
8751,6
8752,16
8753,48
8754,11
8755,6
8756,55
8757,90
8758,38
8759,25
8760,35
8761,56
8762,19
8763,58
8764,91
8765,44
8766,4
8767,95
8768,18
8769,49
8770,88
8771,69
8772,82
8773,65
8774,13
8775,60
8776,55
8777,94
8778,12
8779,45
8780,16
8781,13
8782,44
8783,49
8784,50
8785,63
8786,72
8787,55
8788,59
8789,28
8790,69
8791,53
8792,41
8793,51
8794,31
8795,39
8796,44
8797,63
8798,39
8799,64
8800,72
8801,51
8802,29
8803,74
8804,95
8805,18
8806,64
8807,92
8808,25
8809,11
8810,48
8811,12
8812,74
8813,51
8814,89
8815,10
8816,41
8817,60
8818,56
8819,83
8820,26
8821,55
8822,24
8823,12
8824,12
8825,41
8826,97
8827,75
8828,95
8829,80
8830,32
8831,13
8832,11
8833,93
8834,3
8835,93
8836,50
8837,18
8838,99
8839,43
8840,27
8841,94
8842,14
8843,24
8844,28
8845,25
8846,68
8847,57
8848,43
8849,63
8850,31
8851,76
8852,16
8853,40
8854,8
8855,75
8856,41
8857,81
8858,94
8859,9
8860,99
8861,18
8862,72
8863,90
8864,90
8865,57
8866,85
8867,60
8868,27
8869,22
8870,13
8871,89
8872,24
8873,94
8874,34
8875,52
8876,76
8877,58
8878,62
8879,65
8880,57
8881,71
8882,94
8883,73
8884,76
8885,78
8886,16
8887,96
8888,66
8889,33
8890,0
8891,52
8892,18
8893,94
8894,59
8895,58
8896,37
8897,3
8898,62
8899,64
8900,60
8901,1
8902,95
8903,31
8904,35
8905,92
8906,89
8907,77
8908,3
8909,47
8910,58
8911,81
8912,71
8913,59
8914,62
8915,14
8916,40
8917,5
8918,22
8919,72
8920,8
8921,51
8922,99
8923,41
8924,30
8925,4
8926,35
8927,73
8928,44
8929,58
8930,32
8931,15
8932,65
8933,25
8934,62
8935,71
8936,92
8937,97
8938,93
8939,47
8940,19
8941,2
8942,22
8943,42
8944,5
8945,30
8946,85
8947,52
8948,75
8949,62
8950,81
8951,42
8952,40
8953,62
8954,49
8955,76
8956,35
8957,95
8958,21
8959,61
8960,87
8961,24
8962,48
8963,48
8964,15
8965,90
8966,35
8967,94
8968,49
8969,71
8970,73
8971,21
8972,65
8973,97
8974,17
8975,72
8976,19
8977,54
8978,9
8979,14
8980,15
8981,26
8982,43
8983,0
8984,91
8985,26
8986,36
8987,49
8988,32
8989,54
8990,30
8991,98
8992,39
8993,81
8994,0
8995,69
8996,36
8997,88
8998,45
8999,88
9000,99
9001,0
9002,10
9003,43
9004,96
9005,33
9006,75
9007,56
9008,45
9009,51
9010,68
9011,90
9012,86
9013,86
9014,80
9015,5
9016,88
9017,31
9018,60
9019,4
9020,17
9021,49
9022,23
9023,90
9024,33
9025,44
9026,18
9027,63
9028,32
9029,81
9030,97
9031,71
9032,90
9033,7
9034,9
9035,2
9036,74
9037,66
9038,61
9039,43
9040,47
9041,13
9042,11
9043,15
9044,65
9045,18
9046,34
9047,29
9048,31
9049,51
9050,98
9051,26
9052,47
9053,53
9054,16
9055,9
9056,15
9057,77
9058,5
9059,82
9060,66
9061,76
9062,27
9063,0
9064,69
9065,72
9066,33
9067,34
9068,1
9069,48
9070,76
9071,0
9072,35
9073,64
9074,80
9075,17
9076,23
9077,18
9078,84
9079,5
9080,75
9081,24
9082,84
9083,85
9084,38
9085,1
9086,64
9087,93
9088,35
9089,56
9090,31
9091,34
9092,3
9093,94
9094,3
9095,58
9096,57
9097,56
9098,69
9099,53
9100,85
9101,81
9102,93
9103,55
9104,35
9105,68
9106,77
9107,92
9108,11
9109,40
9110,36
9111,80
9112,53
9113,8
9114,97
9115,89
9116,96
9117,7
9118,34
9119,11
9120,78
9121,17
9122,69
9123,21
9124,22
9125,5
9126,95
9127,68
9128,94
9129,82
9130,62
9131,99
9132,17
9133,28
9134,78
9135,77
9136,67
9137,70
9138,56
9139,55
9140,20
9141,21
9142,87
9143,23
9144,58
9145,47
9146,39
9147,13
9148,65
9149,46
9150,10
9151,72
9152,2
9153,12
9154,32
9155,94
9156,33
9157,79
9158,3
9159,77
9160,23
9161,5
9162,76
9163,26
9164,28
9165,27
9166,36
9167,3
9168,28
9169,22
9170,63
9171,1
9172,84
9173,84
9174,35
9175,13
9176,70
9177,38
9178,4
9179,96
9180,14
9181,27
9182,14
9183,47
9184,6
9185,66
9186,16
9187,86
9188,4
9189,16
9190,37
9191,49
9192,96
9193,68
9194,72
9195,30
9196,47
9197,20
9198,29
9199,33
9200,93
9201,88
9202,5
9203,74
9204,3
9205,90
9206,71
9207,17
9208,36
9209,35
9210,50
9211,88
9212,93
9213,69
9214,93
9215,75
9216,12
9217,1
9218,3
9219,38
9220,96
9221,42
9222,22
9223,36
9224,81
9225,82
9226,15
9227,42
9228,42
9229,18
9230,50
9231,67
9232,63
9233,53
9234,70
9235,92
9236,89
9237,11
9238,62
9239,92
9240,60
9241,97
9242,91
9243,32
9244,97
9245,62
9246,84
9247,49
9248,12
9249,85
9250,69
9251,16
9252,5
9253,52
9254,55
9255,98
9256,22
9257,14
9258,21
9259,34
9260,8
9261,22
9262,41
9263,14
9264,94
9265,67
9266,91
9267,73
9268,28
9269,66
9270,50
9271,33
9272,74
9273,65
9274,53
9275,76
9276,66
9277,44
9278,45
9279,35
9280,31
9281,57
9282,65
9283,49
9284,26
9285,48
9286,44
9287,7
9288,38
9289,68
9290,22
9291,75
9292,2
9293,7
9294,51
9295,2
9296,99
9297,12
9298,38
9299,8
9300,46
9301,26
9302,4
9303,71
9304,25
9305,73
9306,62
9307,75
9308,40
9309,71
9310,92
9311,38
9312,58
9313,34
9314,64
9315,64
9316,91
9317,46
9318,92
9319,26
9320,60
9321,97
9322,32
9323,83
9324,47
9325,0
9326,29
9327,70
9328,66
9329,2
9330,44
9331,5
9332,13
9333,1
9334,81
9335,3
9336,39
9337,17
9338,17
9339,78
9340,35
9341,7
9342,64
9343,1
9344,66
9345,26
9346,92
9347,26
9348,32
9349,60
9350,20
9351,38
9352,77
9353,54
9354,52
9355,41
9356,63
9357,74
9358,19
9359,35
9360,71
9361,69
9362,90
9363,26
9364,39
9365,78
9366,62
9367,73
9368,71
9369,57
9370,49
9371,42
9372,12
9373,60
9374,15
9375,4
9376,4
9377,71
9378,22
9379,60
9380,11
9381,92
9382,93
9383,75
9384,97
9385,61
9386,2
9387,63
9388,68
9389,37
9390,96
9391,13
9392,90
9393,75
9394,99
9395,7
9396,35
9397,63
9398,28
9399,21
9400,90
9401,94
9402,68
9403,55
9404,14
9405,83
9406,71
9407,3
9408,82
9409,95
9410,58
9411,62
9412,60
9413,0
9414,90
9415,86
9416,55
9417,79
9418,86
9419,28
9420,56
9421,98
9422,2
9423,58
9424,64
9425,65
9426,46
9427,78
9428,35
9429,14
9430,76
9431,58
9432,83
9433,94
9434,65
9435,97
9436,61
9437,76
9438,80
9439,18
9440,98
9441,63
9442,18
9443,27
9444,0
9445,17
9446,72
9447,19
9448,32
9449,19
9450,68
9451,72
9452,36
9453,47
9454,29
9455,49
9456,32
9457,0
9458,66
9459,17
9460,32
9461,84
9462,4
9463,0
9464,67
9465,34
9466,90
9467,89
9468,89
9469,1
9470,1
9471,48
9472,6
9473,92
9474,30
9475,24
9476,22
9477,22
9478,61
9479,87
9480,77
9481,82
9482,41
9483,80
9484,52
9485,42
9486,81
9487,37
9488,1
9489,3
9490,5
9491,6
9492,66
9493,54
9494,42
9495,89
9496,96
9497,46
9498,64
9499,65
9500,30
9501,1
9502,66
9503,75
9504,88
9505,50
9506,31
9507,10
9508,49
9509,4
9510,15
9511,86
9512,60
9513,18
9514,42
9515,86
9516,0
9517,15
9518,26
9519,13
9520,9
9521,49
9522,94
9523,21
9524,27
9525,34
9526,85
9527,66
9528,76
9529,68
9530,37
9531,91
9532,75
9533,14
9534,43
9535,95
9536,75
9537,14
9538,71
9539,70
9540,87
9541,70
9542,5
9543,48
9544,29
9545,96
9546,44
9547,38
9548,2
9549,0
9550,77
9551,18
9552,12
9553,79
9554,87
9555,88
9556,82
9557,50
9558,46
9559,60
9560,55
9561,19
9562,76
9563,7
9564,64
9565,3
9566,9
9567,99
9568,65
9569,34
9570,49
9571,48
9572,25
9573,62
9574,57
9575,33
9576,8
9577,19
9578,10
9579,43
9580,66
9581,13
9582,29
9583,65
9584,36
9585,92
9586,55
9587,83
9588,79
9589,79
9590,34
9591,90
9592,22
9593,61
9594,12
9595,9
9596,15
9597,93
9598,98
9599,46
9600,29
9601,4
9602,70
9603,16
9604,46
9605,67
9606,91
9607,2
9608,99
9609,82
9610,85
9611,42
9612,23
9613,36
9614,61
9615,21
9616,43
9617,76
9618,21
9619,20
9620,42
9621,1
9622,83
9623,66
9624,86
9625,57
9626,60
9627,21
9628,35
9629,47
9630,70
9631,71
9632,14
9633,0
9634,7
9635,36
9636,11
9637,53
9638,4
9639,0
9640,67
9641,67
9642,37
9643,43
9644,50
9645,47
9646,54
9647,54
9648,58
9649,28
9650,35
9651,44
9652,77
9653,47
9654,87
9655,36
9656,8
9657,21
9658,28
9659,0
9660,53
9661,18
9662,93
9663,17
9664,54
9665,77
9666,88
9667,55
9668,82
9669,38
9670,59
9671,31
9672,6
9673,53
9674,9
9675,62
9676,7
9677,47
9678,91
9679,99
9680,43
9681,19
9682,50
9683,97
9684,19
9685,8
9686,22
9687,54
9688,15
9689,58
9690,45
9691,83
9692,20
9693,66
9694,44
9695,12
9696,29
9697,84
9698,19
9699,21
9700,80
9701,14
9702,55
9703,1
9704,13
9705,88
9706,6
9707,92
9708,40
9709,19
9710,22
9711,67
9712,23
9713,85
9714,80
9715,31
9716,44
9717,20
9718,6
9719,79
9720,31
9721,1
9722,86
9723,57
9724,83
9725,89
9726,77
9727,40
9728,10
9729,7
9730,9
9731,74
9732,25
9733,67
9734,68
9735,43
9736,33
9737,71
9738,94
9739,96
9740,10
9741,78
9742,10
9743,94
9744,60
9745,29
9746,94
9747,63
9748,29
9749,83
9750,24
9751,74
9752,92
9753,11
9754,54
9755,58
9756,95
9757,55
9758,26
9759,59
9760,4
9761,74
9762,57
9763,88
9764,91
9765,94
9766,84
9767,42
9768,15
9769,79
9770,81
9771,59
9772,57
9773,66
9774,34
9775,77
9776,91
9777,10
9778,9
9779,74
9780,64
9781,51
9782,33
9783,10
9784,51
9785,51
9786,18
9787,86
9788,84
9789,55
9790,98
9791,61
9792,48
9793,73
9794,79
9795,62
9796,60
9797,35
9798,76
9799,2
9800,70
9801,69
9802,72
9803,69
9804,38
9805,1
9806,36
9807,30
9808,13
9809,25
9810,11
9811,94
9812,33
9813,67
9814,41
9815,49
9816,54
9817,76
9818,61
9819,15
9820,56
9821,14
9822,5
9823,45
9824,46
9825,68
9826,87
9827,68
9828,1
9829,19
9830,69
9831,80
9832,1
9833,56
9834,37
9835,58
9836,62
9837,0
9838,22
9839,69
9840,33
9841,75
9842,93
9843,66
9844,24
9845,81
9846,92
9847,23
9848,37
9849,20
9850,68
9851,64
9852,15
9853,80
9854,7
9855,12
9856,40
9857,18
9858,42
9859,24
9860,43
9861,77
9862,20
9863,57
9864,94
9865,20
9866,56
9867,65
9868,65
9869,75
9870,67
9871,68
9872,41
9873,24
9874,38
9875,75
9876,49
9877,41
9878,67
9879,32
9880,59
9881,64
9882,66
9883,6
9884,65
9885,26
9886,13
9887,0
9888,97
9889,2
9890,17
9891,30
9892,37
9893,6
9894,14
9895,90
9896,46
9897,98
9898,77
9899,50
9900,55
9901,53
9902,8
9903,43
9904,54
9905,66
9906,75
9907,39
9908,81
9909,13
9910,66
9911,31
9912,27
9913,10
9914,82
9915,47
9916,27
9917,82
9918,2
9919,63
9920,87
9921,52
9922,13
9923,49
9924,71
9925,19
9926,7
9927,97
9928,32
9929,97
9930,36
9931,42
9932,23
9933,8
9934,88
9935,50
9936,85
9937,56
9938,21
9939,60
9940,50
9941,12
9942,43
9943,96
9944,67
9945,84
9946,10
9947,93
9948,12
9949,75
9950,64
9951,77
9952,58
9953,43
9954,27
9955,72
9956,78
9957,4
9958,37
9959,86
9960,52
9961,66
9962,73
9963,39
9964,2
9965,32
9966,97
9967,4
9968,40
9969,65
9970,72
9971,20
9972,37
9973,62
9974,13
9975,40
9976,90
9977,29
9978,95
9979,40
9980,13
9981,11
9982,45
9983,96
9984,82
9985,57
9986,15
9987,2
9988,81
9989,13
9990,63
9991,41
9992,98
9993,88
9994,45
9995,9
9996,55
9997,10
9998,94
9999,95
